"date","corn_cents","corn_usd"
2015-01-02,395.75,3.9575
2015-01-05,406,4.06
2015-01-06,405,4.05
2015-01-07,396.25,3.9625
2015-01-08,394.25,3.9425
2015-01-09,400.25,4.0025
2015-01-12,402,4.02
2015-01-13,385.75,3.8575
2015-01-14,381,3.81
2015-01-15,380,3.8
2015-01-16,387,3.87
2015-01-20,390.25,3.9025
2015-01-21,388,3.88
2015-01-22,383.75,3.8375
2015-01-23,386.75,3.8675
2015-01-26,384,3.84
2015-01-27,381.25,3.8125
2015-01-28,373.25,3.7325
2015-01-29,371.5,3.715
2015-01-30,370,3.7
2015-02-02,369.75,3.6975
2015-02-03,385.75,3.8575
2015-02-04,383.5,3.835
2015-02-05,385.25,3.8525
2015-02-06,385.75,3.8575
2015-02-09,391.25,3.9125
2015-02-10,388,3.88
2015-02-11,385.75,3.8575
2015-02-12,383,3.83
2015-02-13,387.25,3.8725
2015-02-17,389.5,3.895
2015-02-18,383.75,3.8375
2015-02-19,389.75,3.8975
2015-02-20,385.25,3.8525
2015-02-23,378.75,3.7875
2015-02-24,377.5,3.775
2015-02-25,375.75,3.7575
2015-02-26,380,3.8
2015-02-27,384.5,3.845
2015-03-02,378.75,3.7875
2015-03-03,382,3.82
2015-03-04,381.5,3.815
2015-03-05,382.75,3.8275
2015-03-06,379.25,3.7925
2015-03-09,383.25,3.8325
2015-03-10,382.25,3.8225
2015-03-11,384,3.84
2015-03-12,382.25,3.8225
2015-03-13,374,3.74
2015-03-16,379,3.79
2015-03-17,371,3.71
2015-03-18,374.75,3.7475
2015-03-19,373.5,3.735
2015-03-20,385,3.85
2015-03-23,390.25,3.9025
2015-03-24,393.25,3.9325
2015-03-25,395,3.95
2015-03-26,391.25,3.9125
2015-03-27,391,3.91
2015-03-30,394.5,3.945
2015-03-31,376.25,3.7625
2015-04-01,381.75,3.8175
2015-04-02,386.5,3.865
2015-04-06,385,3.85
2015-04-07,383,3.83
2015-04-08,379.25,3.7925
2015-04-09,378,3.78
2015-04-10,377,3.77
2015-04-13,370.5,3.705
2015-04-14,373.5,3.735
2015-04-15,376,3.76
2015-04-16,376.25,3.7625
2015-04-17,379.75,3.7975
2015-04-20,378,3.78
2015-04-21,373,3.73
2015-04-22,372.5,3.725
2015-04-23,370.75,3.7075
2015-04-24,364.5,3.645
2015-04-27,360.75,3.6075
2015-04-28,361,3.61
2015-04-29,363.75,3.6375
2015-04-30,362.5,3.625
2015-05-01,359.75,3.5975
2015-05-04,358.75,3.5875
2015-05-05,361.25,3.6125
2015-05-06,366.5,3.665
2015-05-07,357.75,3.5775
2015-05-08,358.5,3.585
2015-05-11,358.25,3.5825
2015-05-12,357,3.57
2015-05-13,356,3.56
2015-05-14,361,3.61
2015-05-15,365.5,3.655
2015-05-18,368,3.68
2015-05-19,362,3.62
2015-05-20,360,3.6
2015-05-21,365,3.65
2015-05-22,360,3.6
2015-05-26,355,3.55
2015-05-27,349.5,3.495
2015-05-28,353.5,3.535
2015-05-29,351.5,3.515
2015-06-01,352.25,3.5225
2015-06-02,359,3.59
2015-06-03,359,3.59
2015-06-04,363.5,3.635
2015-06-05,360.5,3.605
2015-06-08,365.25,3.6525
2015-06-09,365,3.65
2015-06-10,357.25,3.5725
2015-06-11,356.5,3.565
2015-06-12,353,3.53
2015-06-15,348.25,3.4825
2015-06-16,354,3.54
2015-06-17,359.25,3.5925
2015-06-18,358,3.58
2015-06-19,353.25,3.5325
2015-06-22,360,3.6
2015-06-23,367.5,3.675
2015-06-24,366.5,3.665
2015-06-25,376.5,3.765
2015-06-26,385,3.85
2015-06-29,383.25,3.8325
2015-06-30,414,4.14
2015-07-01,413.75,4.1375
2015-07-02,419.75,4.1975
2015-07-06,418.5,4.185
2015-07-07,415.75,4.1575
2015-07-08,416.25,4.1625
2015-07-09,421.25,4.2125
2015-07-10,427.25,4.2725
2015-07-13,433.5,4.335
2015-07-14,424,4.24
2015-07-15,429.5,4.295
2015-07-16,430,4.3
2015-07-17,420.25,4.2025
2015-07-20,405,4.05
2015-07-21,406.5,4.065
2015-07-22,402.75,4.0275
2015-07-23,403.25,4.0325
2015-07-24,392.5,3.925
2015-07-27,373,3.73
2015-07-28,375,3.75
2015-07-29,367.75,3.6775
2015-07-30,373.25,3.7325
2015-07-31,371,3.71
2015-08-03,366.5,3.665
2015-08-04,368.75,3.6875
2015-08-05,372.75,3.7275
2015-08-06,369.75,3.6975
2015-08-07,372.75,3.7275
2015-08-10,390.25,3.9025
2015-08-11,376.5,3.765
2015-08-12,357.25,3.5725
2015-08-13,363.75,3.6375
2015-08-14,364,3.64
2015-08-17,363.25,3.6325
2015-08-18,366.25,3.6625
2015-08-19,367.25,3.6725
2015-08-20,371,3.71
2015-08-21,365.25,3.6525
2015-08-24,368.75,3.6875
2015-08-25,365.5,3.655
2015-08-26,361.75,3.6175
2015-08-27,363.75,3.6375
2015-08-28,363.25,3.6325
2015-08-31,363.75,3.6375
2015-09-01,356,3.56
2015-09-02,354,3.54
2015-09-03,347.75,3.4775
2015-09-04,349.5,3.495
2015-09-08,355,3.55
2015-09-09,356.5,3.565
2015-09-10,361.75,3.6175
2015-09-11,374.5,3.745
2015-09-14,379,3.79
2015-09-15,390.5,3.905
2015-09-16,386,3.86
2015-09-17,379.75,3.7975
2015-09-18,377.25,3.7725
2015-09-21,384.5,3.845
2015-09-22,380.5,3.805
2015-09-23,383.25,3.8325
2015-09-24,381.5,3.815
2015-09-25,389,3.89
2015-09-28,386.75,3.8675
2015-09-29,389,3.89
2015-09-30,387.75,3.8775
2015-10-01,388.75,3.8875
2015-10-02,389.25,3.8925
2015-10-05,393.5,3.935
2015-10-06,398.25,3.9825
2015-10-07,395.75,3.9575
2015-10-08,391.25,3.9125
2015-10-09,382.75,3.8275
2015-10-12,380.75,3.8075
2015-10-13,384.5,3.845
2015-10-14,379,3.79
2015-10-15,375.5,3.755
2015-10-16,376.75,3.7675
2015-10-19,373,3.73
2015-10-20,376.75,3.7675
2015-10-21,380.75,3.8075
2015-10-22,378.25,3.7825
2015-10-23,379.75,3.7975
2015-10-26,384.5,3.845
2015-10-27,380,3.8
2015-10-28,376,3.76
2015-10-29,380,3.8
2015-10-30,382.25,3.8225
2015-11-02,376.5,3.765
2015-11-03,380.5,3.805
2015-11-04,380.5,3.805
2015-11-05,374.5,3.745
2015-11-06,373,3.73
2015-11-09,366.75,3.6675
2015-11-10,359,3.59
2015-11-11,362.25,3.6225
2015-11-12,362,3.62
2015-11-13,358.25,3.5825
2015-11-16,360,3.6
2015-11-17,362,3.62
2015-11-18,361.75,3.6175
2015-11-19,364.25,3.6425
2015-11-20,363.25,3.6325
2015-11-23,367.25,3.6725
2015-11-24,364.25,3.6425
2015-11-25,366,3.66
2015-11-27,359.25,3.5925
2015-11-30,365,3.65
2015-12-01,367,3.67
2015-12-02,364,3.64
2015-12-03,370.25,3.7025
2015-12-04,376.25,3.7625
2015-12-07,368.5,3.685
2015-12-08,370,3.7
2015-12-09,371.75,3.7175
2015-12-10,377.25,3.7725
2015-12-11,373,3.73
2015-12-14,381.75,3.8175
2015-12-15,377.25,3.7725
2015-12-16,369.75,3.6975
2015-12-17,374.25,3.7425
2015-12-18,374.5,3.745
2015-12-21,372,3.72
2015-12-22,366.25,3.6625
2015-12-23,365.5,3.655
2015-12-24,364.5,3.645
2015-12-28,361,3.61
2015-12-29,362.5,3.625
2015-12-30,359,3.59
2015-12-31,358.75,3.5875
2016-01-04,351.5,3.515
2016-01-05,353,3.53
2016-01-06,353.25,3.5325
2016-01-07,353,3.53
2016-01-08,357,3.57
2016-01-11,351.75,3.5175
2016-01-12,356.75,3.5675
2016-01-13,358,3.58
2016-01-14,358,3.58
2016-01-15,363.25,3.6325
2016-01-19,367.75,3.6775
2016-01-20,368.75,3.6875
2016-01-21,367,3.67
2016-01-22,370.25,3.7025
2016-01-25,369.75,3.6975
2016-01-26,369.25,3.6925
2016-01-27,369.25,3.6925
2016-01-28,365.5,3.655
2016-01-29,372,3.72
2016-02-01,371.25,3.7125
2016-02-02,372.5,3.725
2016-02-03,371,3.71
2016-02-04,368.5,3.685
2016-02-05,365.75,3.6575
2016-02-08,362.25,3.6225
2016-02-09,361,3.61
2016-02-10,360.25,3.6025
2016-02-11,360.25,3.6025
2016-02-12,358.75,3.5875
2016-02-16,363,3.63
2016-02-17,367.25,3.6725
2016-02-18,365.5,3.655
2016-02-19,365.5,3.655
2016-02-22,367.5,3.675
2016-02-23,362,3.62
2016-02-24,359.75,3.5975
2016-02-25,355.5,3.555
2016-02-26,354.5,3.545
2016-02-29,353.5,3.535
2016-03-01,353.75,3.5375
2016-03-02,354.5,3.545
2016-03-03,353.75,3.5375
2016-03-04,354.5,3.545
2016-03-07,355,3.55
2016-03-08,358.75,3.5875
2016-03-09,359,3.59
2016-03-10,362.5,3.625
2016-03-11,366,3.66
2016-03-14,366.75,3.6675
2016-03-15,368.5,3.685
2016-03-16,368.25,3.6825
2016-03-17,368.5,3.685
2016-03-18,367,3.67
2016-03-21,369.5,3.695
2016-03-22,370,3.7
2016-03-23,368.5,3.685
2016-03-24,370,3.7
2016-03-28,370.5,3.705
2016-03-29,373,3.73
2016-03-30,367,3.67
2016-03-31,351.5,3.515
2016-04-01,354,3.54
2016-04-04,354.5,3.545
2016-04-05,356.75,3.5675
2016-04-06,358,3.58
2016-04-07,361.5,3.615
2016-04-08,362.25,3.6225
2016-04-11,356.75,3.5675
2016-04-12,362.75,3.6275
2016-04-13,373.5,3.735
2016-04-14,374,3.74
2016-04-15,378.5,3.785
2016-04-18,381,3.81
2016-04-19,384.5,3.845
2016-04-20,394.75,3.9475
2016-04-21,384.5,3.845
2016-04-22,371.75,3.7175
2016-04-25,377,3.77
2016-04-26,382.25,3.8225
2016-04-27,380.75,3.8075
2016-04-28,387,3.87
2016-04-29,390.25,3.9025
2016-05-02,390.25,3.9025
2016-05-03,378.25,3.7825
2016-05-04,373.25,3.7325
2016-05-05,371.75,3.7175
2016-05-06,376,3.76
2016-05-09,367.75,3.6775
2016-05-10,378.5,3.785
2016-05-11,374,3.74
2016-05-12,385.25,3.8525
2016-05-13,382,3.82
2016-05-16,394,3.94
2016-05-17,397,3.97
2016-05-18,399.5,3.995
2016-05-19,390,3.9
2016-05-20,394.5,3.945
2016-05-23,397.75,3.9775
2016-05-24,397.5,3.975
2016-05-25,404.75,4.0475
2016-05-26,408.25,4.0825
2016-05-27,412.75,4.1275
2016-05-31,404.75,4.0475
2016-06-01,413.75,4.1375
2016-06-02,415.25,4.1525
2016-06-03,418.25,4.1825
2016-06-06,427.25,4.2725
2016-06-07,427.75,4.2775
2016-06-08,431.25,4.3125
2016-06-09,426.5,4.265
2016-06-10,423,4.23
2016-06-13,430,4.3
2016-06-14,436.5,4.365
2016-06-15,429,4.29
2016-06-16,425.25,4.2525
2016-06-17,437.75,4.3775
2016-06-20,421.25,4.2125
2016-06-21,396.25,3.9625
2016-06-22,393,3.93
2016-06-23,387.25,3.8725
2016-06-24,384.5,3.845
2016-06-27,385.25,3.8525
2016-06-28,385.25,3.8525
2016-06-29,372.75,3.7275
2016-06-30,358.75,3.5875
2016-07-01,353,3.53
2016-07-05,344,3.44
2016-07-06,335.75,3.3575
2016-07-07,335.5,3.355
2016-07-08,349.75,3.4975
2016-07-11,343.75,3.4375
2016-07-12,349.75,3.4975
2016-07-13,365.75,3.6575
2016-07-14,362.25,3.6225
2016-07-15,352.25,3.5225
2016-07-18,357,3.57
2016-07-19,341.75,3.4175
2016-07-20,337.5,3.375
2016-07-21,334.25,3.3425
2016-07-22,335,3.35
2016-07-25,334.75,3.3475
2016-07-26,332.5,3.325
2016-07-27,335.75,3.3575
2016-07-28,331.25,3.3125
2016-07-29,334.5,3.345
2016-08-01,325.75,3.2575
2016-08-02,324.25,3.2425
2016-08-03,325,3.25
2016-08-04,320.75,3.2075
2016-08-05,324.25,3.2425
2016-08-08,325.25,3.2525
2016-08-09,322.25,3.2225
2016-08-10,322.5,3.225
2016-08-11,321,3.21
2016-08-12,322.25,3.2225
2016-08-15,326.5,3.265
2016-08-16,327.5,3.275
2016-08-17,330.25,3.3025
2016-08-18,332,3.32
2016-08-19,334.25,3.3425
2016-08-22,333.25,3.3325
2016-08-23,328.5,3.285
2016-08-24,327.5,3.275
2016-08-25,323.5,3.235
2016-08-26,316.25,3.1625
2016-08-29,311.75,3.1175
2016-08-30,304,3.04
2016-08-31,301.5,3.015
2016-09-01,311,3.11
2016-09-02,316.5,3.165
2016-09-06,316.75,3.1675
2016-09-07,321,3.21
2016-09-08,327,3.27
2016-09-09,330,3.3
2016-09-12,329.25,3.2925
2016-09-13,319.25,3.1925
2016-09-14,322.25,3.2225
2016-09-15,330,3.3
2016-09-16,337,3.37
2016-09-19,337.25,3.3725
2016-09-20,340.5,3.405
2016-09-21,340,3.4
2016-09-22,336.75,3.3675
2016-09-23,336.5,3.365
2016-09-26,329,3.29
2016-09-27,331.75,3.3175
2016-09-28,329.25,3.2925
2016-09-29,329.25,3.2925
2016-09-30,336.75,3.3675
2016-10-03,346,3.46
2016-10-04,348.25,3.4825
2016-10-05,347.75,3.4775
2016-10-06,340.5,3.405
2016-10-07,339.75,3.3975
2016-10-11,345.5,3.455
2016-10-12,337,3.37
2016-10-13,349.5,3.495
2016-10-14,354.25,3.5425
2016-10-17,354,3.54
2016-10-18,353.75,3.5375
2016-10-19,357.5,3.575
2016-10-20,351,3.51
2016-10-21,352.5,3.525
2016-10-24,348.25,3.4825
2016-10-25,349.25,3.4925
2016-10-26,354,3.54
2016-10-27,357.5,3.575
2016-10-28,355,3.55
2016-10-31,354.75,3.5475
2016-11-01,349,3.49
2016-11-02,346.25,3.4625
2016-11-03,348,3.48
2016-11-04,348.75,3.4875
2016-11-07,346.25,3.4625
2016-11-08,354.25,3.5425
2016-11-09,340.75,3.4075
2016-11-10,343.5,3.435
2016-11-14,337.25,3.3725
2016-11-15,341.5,3.415
2016-11-16,338.5,3.385
2016-11-17,342,3.42
2016-11-18,345.5,3.455
2016-11-21,349.75,3.4975
2016-11-22,351,3.51
2016-11-23,350.75,3.5075
2016-11-25,349.25,3.4925
2016-11-28,348.5,3.485
2016-11-29,336.75,3.3675
2016-11-30,336.75,3.3675
2016-12-01,331.75,3.3175
2016-12-02,337.5,3.375
2016-12-05,349.5,3.495
2016-12-06,351,3.51
2016-12-07,350.5,3.505
2016-12-08,346.5,3.465
2016-12-09,352.5,3.525
2016-12-12,354.5,3.545
2016-12-13,356.25,3.5625
2016-12-14,351.75,3.5175
2016-12-15,356.5,3.565
2016-12-16,356.25,3.5625
2016-12-19,353.25,3.5325
2016-12-20,350.25,3.5025
2016-12-21,347.25,3.4725
2016-12-22,347.25,3.4725
2016-12-23,345.75,3.4575
2016-12-27,355,3.55
2016-12-28,348.25,3.4825
2016-12-29,349.75,3.4975
2016-12-30,352,3.52
2017-01-03,355.75,3.5575
2017-01-04,359.75,3.5975
2017-01-05,361.25,3.6125
2017-01-06,358,3.58
2017-01-09,360,3.6
2017-01-10,358.25,3.5825
2017-01-11,357.25,3.5725
2017-01-12,358.25,3.5825
2017-01-13,358.5,3.585
2017-01-17,365.5,3.655
2017-01-18,365,3.65
2017-01-19,366.25,3.6625
2017-01-20,369.75,3.6975
2017-01-23,369.5,3.695
2017-01-24,363.25,3.6325
2017-01-25,366.25,3.6625
2017-01-26,363.75,3.6375
2017-01-27,362.5,3.625
2017-01-30,357.75,3.5775
2017-01-31,359.75,3.5975
2017-02-01,368.25,3.6825
2017-02-02,367.5,3.675
2017-02-03,365.25,3.6525
2017-02-06,363.75,3.6375
2017-02-07,368.5,3.685
2017-02-08,370.75,3.7075
2017-02-09,369.5,3.695
2017-02-10,374.5,3.745
2017-02-13,375.5,3.755
2017-02-14,374.25,3.7425
2017-02-15,378.75,3.7875
2017-02-16,373.5,3.735
2017-02-17,368.25,3.6825
2017-02-21,369.25,3.6925
2017-02-22,371,3.71
2017-02-23,365.5,3.655
2017-02-24,364,3.64
2017-02-27,360.25,3.6025
2017-02-28,366.75,3.6675
2017-03-01,375.75,3.7575
2017-03-02,372.75,3.7275
2017-03-03,374.75,3.7475
2017-03-06,372.75,3.7275
2017-03-07,369.5,3.695
2017-03-08,365.25,3.6525
2017-03-09,359.75,3.5975
2017-03-10,358,3.58
2017-03-13,354.5,3.545
2017-03-14,353.75,3.5375
2017-03-15,363.5,3.635
2017-03-16,366,3.66
2017-03-17,367.5,3.675
2017-03-20,363.5,3.635
2017-03-21,361.25,3.6125
2017-03-22,358.75,3.5875
2017-03-23,356.75,3.5675
2017-03-24,356.25,3.5625
2017-03-27,355.75,3.5575
2017-03-28,357.75,3.5775
2017-03-29,358.5,3.585
2017-03-30,357.5,3.575
2017-03-31,364.25,3.6425
2017-04-03,367.75,3.6775
2017-04-04,363,3.63
2017-04-05,364.75,3.6475
2017-04-06,360.75,3.6075
2017-04-07,359.5,3.595
2017-04-10,367,3.67
2017-04-11,366.5,3.665
2017-04-12,369,3.69
2017-04-13,371,3.71
2017-04-17,366.5,3.665
2017-04-18,361.75,3.6175
2017-04-19,361.75,3.6175
2017-04-20,357.75,3.5775
2017-04-21,357,3.57
2017-04-24,359.25,3.5925
2017-04-25,365,3.65
2017-04-26,359,3.59
2017-04-27,362,3.62
2017-04-28,358,3.58
2017-05-01,369.25,3.6925
2017-05-02,364,3.64
2017-05-03,366.25,3.6625
2017-05-04,358,3.58
2017-05-05,361.75,3.6175
2017-05-08,356.75,3.5675
2017-05-09,358.25,3.5825
2017-05-10,365.25,3.6525
2017-05-11,360.5,3.605
2017-05-12,361.75,3.6175
2017-05-15,367.75,3.6775
2017-05-16,367.75,3.6775
2017-05-17,371.5,3.715
2017-05-18,366,3.66
2017-05-19,372.5,3.725
2017-05-22,375,3.75
2017-05-23,369.5,3.695
2017-05-24,371.25,3.7125
2017-05-25,369.25,3.6925
2017-05-26,374.25,3.7425
2017-05-30,367,3.67
2017-05-31,372,3.72
2017-06-01,370.5,3.705
2017-06-02,372.75,3.7275
2017-06-05,373,3.73
2017-06-06,377.25,3.7725
2017-06-07,384.75,3.8475
2017-06-08,385.75,3.8575
2017-06-09,387.75,3.8775
2017-06-12,377.25,3.7725
2017-06-13,381,3.81
2017-06-14,377,3.77
2017-06-15,379.5,3.795
2017-06-16,384,3.84
2017-06-19,375.25,3.7525
2017-06-20,370,3.7
2017-06-21,368.75,3.6875
2017-06-22,362.75,3.6275
2017-06-23,357.75,3.5775
2017-06-26,359,3.59
2017-06-27,359.25,3.5925
2017-06-28,356.75,3.5675
2017-06-29,359.75,3.5975
2017-06-30,370.5,3.705
2017-07-03,378,3.78
2017-07-05,381.75,3.8175
2017-07-06,380.25,3.8025
2017-07-07,382.25,3.8225
2017-07-10,391.75,3.9175
2017-07-11,392.25,3.9225
2017-07-12,376.25,3.7625
2017-07-13,361,3.61
2017-07-14,365.25,3.6525
2017-07-17,375,3.75
2017-07-18,377,3.77
2017-07-19,382.5,3.825
2017-07-20,391,3.91
2017-07-21,379.75,3.7975
2017-07-24,377.25,3.7725
2017-07-25,368.75,3.6875
2017-07-26,372.75,3.7275
2017-07-27,374.25,3.7425
2017-07-28,374.25,3.7425
2017-07-31,370.75,3.7075
2017-08-01,362.5,3.625
2017-08-02,365,3.65
2017-08-03,363.5,3.635
2017-08-04,366.5,3.665
2017-08-07,372.25,3.7225
2017-08-08,369.75,3.6975
2017-08-09,372.25,3.7225
2017-08-10,357.25,3.5725
2017-08-11,360.75,3.6075
2017-08-14,362.75,3.6275
2017-08-15,355.25,3.5525
2017-08-16,352.5,3.525
2017-08-17,350.5,3.505
2017-08-18,352,3.52
2017-08-21,349,3.49
2017-08-22,346,3.46
2017-08-23,342,3.42
2017-08-24,342,3.42
2017-08-25,338.75,3.3875
2017-08-28,336,3.36
2017-08-29,333.5,3.335
2017-08-30,329.5,3.295
2017-08-31,342.25,3.4225
2017-09-01,340,3.4
2017-09-05,344.25,3.4425
2017-09-06,347,3.47
2017-09-07,341.75,3.4175
2017-09-08,344.25,3.4425
2017-09-11,345.5,3.455
2017-09-12,340,3.4
2017-09-13,338.5,3.385
2017-09-14,341.75,3.4175
2017-09-15,354.75,3.5475
2017-09-18,351.5,3.515
2017-09-19,348.25,3.4825
2017-09-20,350,3.5
2017-09-21,350.25,3.5025
2017-09-22,353.5,3.535
2017-09-25,353.75,3.5375
2017-09-26,352.25,3.5225
2017-09-27,354,3.54
2017-09-28,352.5,3.525
2017-09-29,355.25,3.5525
2017-10-02,351.5,3.515
2017-10-03,349.5,3.495
2017-10-04,348.25,3.4825
2017-10-05,349.5,3.495
2017-10-06,350,3.5
2017-10-09,349.5,3.495
2017-10-10,349.25,3.4925
2017-10-11,346,3.46
2017-10-12,349,3.49
2017-10-13,352.75,3.5275
2017-10-16,350.5,3.505
2017-10-17,350,3.5
2017-10-18,348.5,3.485
2017-10-19,349,3.49
2017-10-20,344.5,3.445
2017-10-23,351.25,3.5125
2017-10-24,352.75,3.5275
2017-10-25,351,3.51
2017-10-26,350.5,3.505
2017-10-27,348.75,3.4875
2017-10-30,348.75,3.4875
2017-10-31,345.75,3.4575
2017-11-01,348.25,3.4825
2017-11-02,350.5,3.505
2017-11-03,348.25,3.4825
2017-11-06,348,3.48
2017-11-07,347.75,3.4775
2017-11-08,348.25,3.4825
2017-11-09,341.5,3.415
2017-11-10,343.5,3.435
2017-11-13,342.25,3.4225
2017-11-14,337.5,3.375
2017-11-15,338.25,3.3825
2017-11-16,336.5,3.365
2017-11-17,343,3.43
2017-11-20,345,3.45
2017-11-21,345,3.45
2017-11-22,345.25,3.4525
2017-11-24,342.25,3.4225
2017-11-27,338.75,3.3875
2017-11-28,336.25,3.3625
2017-11-29,339,3.39
2017-11-30,341.75,3.4175
2017-12-01,344.75,3.4475
2017-12-04,339.5,3.395
2017-12-05,339.75,3.3975
2017-12-06,339.25,3.3925
2017-12-07,338.75,3.3875
2017-12-08,340,3.4
2017-12-11,336.5,3.365
2017-12-12,335.75,3.3575
2017-12-13,336.75,3.3675
2017-12-14,336.25,3.3625
2017-12-15,347.5,3.475
2017-12-18,347,3.47
2017-12-19,347.5,3.475
2017-12-20,349.25,3.4925
2017-12-21,351.25,3.5125
2017-12-22,352,3.52
2017-12-26,352.75,3.5275
2017-12-27,353.75,3.5375
2017-12-28,352,3.52
2017-12-29,350.75,3.5075
2018-01-02,353.25,3.5325
2018-01-03,353,3.53
2018-01-04,351,3.51
2018-01-05,351.25,3.5125
2018-01-08,347.25,3.4725
2018-01-09,349,3.49
2018-01-10,349,3.49
2018-01-11,348.75,3.4875
2018-01-12,346.25,3.4625
2018-01-16,348.25,3.4825
2018-01-17,353,3.53
2018-01-18,351.5,3.515
2018-01-19,352.5,3.525
2018-01-22,352,3.52
2018-01-23,351.25,3.5125
2018-01-24,356.5,3.565
2018-01-25,355.25,3.5525
2018-01-26,356.5,3.565
2018-01-29,358.75,3.5875
2018-01-30,361.5,3.615
2018-01-31,361.5,3.615
2018-02-01,361.75,3.6175
2018-02-02,361.5,3.615
2018-02-05,358.75,3.5875
2018-02-06,363.5,3.635
2018-02-07,365.25,3.6525
2018-02-08,365.75,3.6575
2018-02-09,362,3.62
2018-02-12,367,3.67
2018-02-13,366.75,3.6675
2018-02-14,367.25,3.6725
2018-02-15,367.75,3.6775
2018-02-16,367.5,3.675
2018-02-20,365.5,3.655
2018-02-21,365.75,3.6575
2018-02-22,366.75,3.6675
2018-02-23,366.25,3.6625
2018-02-26,368.5,3.685
2018-02-27,370.5,3.705
2018-02-28,374.5,3.745
2018-03-01,378.75,3.7875
2018-03-02,377.25,3.7725
2018-03-05,378.25,3.7825
2018-03-06,379.75,3.7975
2018-03-07,379.25,3.7925
2018-03-08,385.75,3.8575
2018-03-09,383,3.83
2018-03-12,384.25,3.8425
2018-03-13,385.5,3.855
2018-03-14,383.5,3.835
2018-03-15,386.75,3.8675
2018-03-16,382.75,3.8275
2018-03-19,375,3.75
2018-03-20,374.5,3.745
2018-03-21,375,3.75
2018-03-22,376,3.76
2018-03-23,377.25,3.7725
2018-03-26,374,3.74
2018-03-27,374,3.74
2018-03-28,373.5,3.735
2018-03-29,387.75,3.8775
2018-04-02,387.25,3.8725
2018-04-03,388.5,3.885
2018-04-04,381,3.81
2018-04-05,389.5,3.895
2018-04-06,388.5,3.885
2018-04-09,390.75,3.9075
2018-04-10,389.25,3.8925
2018-04-11,387,3.87
2018-04-12,388.75,3.8875
2018-04-13,386.25,3.8625
2018-04-16,382.5,3.825
2018-04-17,380.25,3.8025
2018-04-18,383,3.83
2018-04-19,382,3.82
2018-04-20,376.5,3.765
2018-04-23,378.5,3.785
2018-04-24,381.25,3.8125
2018-04-25,386.5,3.865
2018-04-26,386,3.86
2018-04-27,389.5,3.895
2018-04-30,392.5,3.925
2018-05-01,396.75,3.9675
2018-05-02,396,3.96
2018-05-03,399.5,3.995
2018-05-04,398.75,3.9875
2018-05-07,393.25,3.9325
2018-05-08,395.5,3.955
2018-05-09,394.75,3.9475
2018-05-10,394.75,3.9475
2018-05-11,389.75,3.8975
2018-05-14,389,3.89
2018-05-15,402.25,4.0225
2018-05-16,399.25,3.9925
2018-05-17,395.25,3.9525
2018-05-18,402.5,4.025
2018-05-21,402.75,4.0275
2018-05-22,404.75,4.0475
2018-05-23,408.5,4.085
2018-05-24,404.25,4.0425
2018-05-25,406,4.06
2018-05-29,400,4
2018-05-30,393.5,3.935
2018-05-31,394,3.94
2018-06-01,391.5,3.915
2018-06-04,380.75,3.8075
2018-06-05,383.75,3.8375
2018-06-06,378.25,3.7825
2018-06-07,376.25,3.7625
2018-06-08,377.75,3.7775
2018-06-11,367.25,3.6725
2018-06-12,377.5,3.775
2018-06-13,376,3.76
2018-06-14,363,3.63
2018-06-15,361.25,3.6125
2018-06-18,356,3.56
2018-06-19,353.75,3.5375
2018-06-20,354.25,3.5425
2018-06-21,357,3.57
2018-06-22,357.25,3.5725
2018-06-25,350.5,3.505
2018-06-26,352.5,3.525
2018-06-27,352.5,3.525
2018-06-28,345,3.45
2018-06-29,350.25,3.5025
2018-07-02,337.5,3.375
2018-07-03,342.75,3.4275
2018-07-05,343.5,3.435
2018-07-06,351.75,3.5175
2018-07-09,345.75,3.4575
2018-07-10,339.75,3.3975
2018-07-11,331.25,3.3125
2018-07-12,336.5,3.365
2018-07-13,330.25,3.3025
2018-07-16,341.75,3.4175
2018-07-17,346.25,3.4625
2018-07-18,347.25,3.4725
2018-07-19,351.25,3.5125
2018-07-20,355.25,3.5525
2018-07-23,357.25,3.5725
2018-07-24,352,3.52
2018-07-25,359.25,3.5925
2018-07-26,361.5,3.615
2018-07-27,362,3.62
2018-07-30,367.25,3.6725
2018-07-31,372.25,3.7225
2018-08-01,365,3.65
2018-08-02,366.75,3.6675
2018-08-03,369.75,3.6975
2018-08-06,371,3.71
2018-08-07,370.75,3.7075
2018-08-08,371.25,3.7125
2018-08-09,369.25,3.6925
2018-08-10,357.75,3.5775
2018-08-13,356.5,3.565
2018-08-14,362.25,3.6225
2018-08-15,361.5,3.615
2018-08-16,365.25,3.6525
2018-08-17,364.25,3.6425
2018-08-20,362,3.62
2018-08-21,359.75,3.5975
2018-08-22,352.5,3.525
2018-08-23,346.75,3.4675
2018-08-24,348.5,3.485
2018-08-27,346.75,3.4675
2018-08-28,341,3.41
2018-08-29,341.25,3.4125
2018-08-30,341,3.41
2018-08-31,351,3.51
2018-09-04,354.5,3.545
2018-09-05,351.75,3.5175
2018-09-06,353.5,3.535
2018-09-07,354.25,3.5425
2018-09-10,355.5,3.555
2018-09-11,355.25,3.5525
2018-09-12,341.5,3.415
2018-09-13,336.25,3.3625
2018-09-14,337,3.37
2018-09-17,348,3.48
2018-09-18,343.25,3.4325
2018-09-19,345.75,3.4575
2018-09-20,352.5,3.525
2018-09-21,357.25,3.5725
2018-09-24,360.5,3.605
2018-09-25,363.75,3.6375
2018-09-26,363,3.63
2018-09-27,364.75,3.6475
2018-09-28,356.25,3.5625
2018-10-01,365.75,3.6575
2018-10-02,367.5,3.675
2018-10-03,364.75,3.6475
2018-10-04,367.5,3.675
2018-10-05,368.25,3.6825
2018-10-08,366.5,3.665
2018-10-09,364.5,3.645
2018-10-10,362.75,3.6275
2018-10-11,369.25,3.6925
2018-10-12,373.75,3.7375
2018-10-15,378.25,3.7825
2018-10-16,375.25,3.7525
2018-10-17,374.25,3.7425
2018-10-18,370.75,3.7075
2018-10-19,367,3.67
2018-10-22,369.5,3.695
2018-10-23,370.25,3.7025
2018-10-24,368.25,3.6825
2018-10-25,361,3.61
2018-10-26,367.75,3.6775
2018-10-29,366.75,3.6675
2018-10-30,364.75,3.6475
2018-10-31,363.25,3.6325
2018-11-01,366.75,3.6675
2018-11-02,371.25,3.7125
2018-11-05,374,3.74
2018-11-06,373.25,3.7325
2018-11-07,372.25,3.7225
2018-11-08,373.5,3.735
2018-11-09,369.75,3.6975
2018-11-12,371.25,3.7125
2018-11-13,366.5,3.665
2018-11-14,367,3.67
2018-11-15,367.5,3.675
2018-11-16,364.75,3.6475
2018-11-19,362.25,3.6225
2018-11-20,361.25,3.6125
2018-11-21,361.75,3.6175
2018-11-23,359,3.59
2018-11-26,356,3.56
2018-11-27,356.5,3.565
2018-11-28,360.5,3.605
2018-11-29,360.25,3.6025
2018-11-30,366.5,3.665
2018-12-03,371.25,3.7125
2018-12-04,374.25,3.7425
2018-12-06,372,3.72
2018-12-07,374,3.74
2018-12-10,374.25,3.7425
2018-12-11,375,3.75
2018-12-12,376.25,3.7625
2018-12-13,375.5,3.755
2018-12-14,376.75,3.7675
2018-12-19,381.75,3.8175
2018-12-20,375.25,3.7525
2018-12-21,378.5,3.785
2018-12-24,377.75,3.7775
2018-12-26,373.25,3.7325
2018-12-27,374.5,3.745
2018-12-28,375.5,3.755
2018-12-31,375,3.75
2019-01-02,375.75,3.7575
2019-01-03,379.75,3.7975
2019-01-04,383,3.83
2019-01-07,382.25,3.8225
2019-01-08,380,3.8
2019-01-09,382,3.82
2019-01-10,376.25,3.7625
2019-01-11,378.25,3.7825
2019-01-14,378.5,3.785
2019-01-15,371.25,3.7125
2019-01-16,374,3.74
2019-01-17,380,3.8
2019-01-18,381.75,3.8175
2019-01-22,379,3.79
2019-01-23,378.75,3.7875
2019-01-24,377,3.77
2019-01-25,380.25,3.8025
2019-01-28,379.75,3.7975
2019-01-29,377.25,3.7725
2019-01-30,381.25,3.8125
2019-01-31,376.5,3.765
2019-02-01,378.25,3.7825
2019-02-04,379.25,3.7925
2019-02-05,380.75,3.8075
2019-02-06,380,3.8
2019-02-07,376.5,3.765
2019-02-08,374.25,3.7425
2019-02-11,372.75,3.7275
2019-02-12,378.25,3.7825
2019-02-13,378.75,3.7875
2019-02-14,374.75,3.7475
2019-02-15,374.75,3.7475
2019-02-19,369.75,3.6975
2019-02-20,370.75,3.7075
2019-02-21,375.5,3.755
2019-02-22,375.25,3.7525
2019-02-25,370.5,3.705
2019-02-26,366.25,3.6625
2019-02-27,363.75,3.6375
2019-02-28,362,3.62
2019-03-01,364,3.64
2019-03-04,365,3.65
2019-03-05,366,3.66
2019-03-06,362.5,3.625
2019-03-07,356,3.56
2019-03-08,354.75,3.5475
2019-03-11,352.5,3.525
2019-03-12,356.5,3.565
2019-03-13,357.25,3.5725
2019-03-14,361.5,3.615
2019-03-15,373.25,3.7325
2019-03-18,371.5,3.715
2019-03-19,371.25,3.7125
2019-03-20,371.5,3.715
2019-03-21,376.25,3.7625
2019-03-22,378.25,3.7825
2019-03-25,379.75,3.7975
2019-03-26,377.25,3.7725
2019-03-27,373.75,3.7375
2019-03-28,374,3.74
2019-03-29,356.5,3.565
2019-04-01,361.75,3.6175
2019-04-02,361.5,3.615
2019-04-03,362.75,3.6275
2019-04-04,365.25,3.6525
2019-04-05,362.5,3.625
2019-04-08,360,3.6
2019-04-09,360,3.6
2019-04-10,361.75,3.6175
2019-04-11,360,3.6
2019-04-12,361,3.61
2019-04-15,362.75,3.6275
2019-04-16,359,3.59
2019-04-17,358.25,3.5825
2019-04-18,358.5,3.585
2019-04-22,354.75,3.5475
2019-04-23,351.25,3.5125
2019-04-24,346.75,3.4675
2019-04-25,347.5,3.475
2019-04-26,351.25,3.5125
2019-04-29,352,3.52
2019-04-30,353.25,3.5325
2019-05-01,360,3.6
2019-05-02,362,3.62
2019-05-03,363,3.63
2019-05-06,355.75,3.5575
2019-05-07,358,3.58
2019-05-08,355.25,3.5525
2019-05-09,344.5,3.445
2019-05-10,342.5,3.425
2019-05-13,347.5,3.475
2019-05-14,360.5,3.605
2019-05-15,369.5,3.695
2019-05-16,379,3.79
2019-05-17,383.25,3.8325
2019-05-20,389,3.89
2019-05-21,394.25,3.9425
2019-05-22,394.5,3.945
2019-05-23,389.75,3.8975
2019-05-24,404.25,4.0425
2019-05-28,420.25,4.2025
2019-05-29,418.75,4.1875
2019-05-30,436.25,4.3625
2019-05-31,427,4.27
2019-06-03,424.25,4.2425
2019-06-04,425.25,4.2525
2019-06-05,414.75,4.1475
2019-06-06,420.5,4.205
2019-06-07,415.75,4.1575
2019-06-10,415.75,4.1575
2019-06-11,427.75,4.2775
2019-06-12,430,4.3
2019-06-13,442,4.42
2019-06-14,453,4.53
2019-06-17,454.75,4.5475
2019-06-18,449.75,4.4975
2019-06-19,441,4.41
2019-06-20,450,4.5
2019-06-21,442.25,4.4225
2019-06-24,446.75,4.4675
2019-06-25,447.5,4.475
2019-06-26,443.25,4.4325
2019-06-27,440,4.4
2019-06-28,420.25,4.2025
2019-07-01,412,4.12
2019-07-02,413.5,4.135
2019-07-03,433,4.33
2019-07-05,434,4.34
2019-07-08,438.5,4.385
2019-07-09,431.75,4.3175
2019-07-10,434.25,4.3425
2019-07-11,447.75,4.4775
2019-07-12,449.5,4.495
2019-07-15,441,4.41
2019-07-16,435.25,4.3525
2019-07-17,436,4.36
2019-07-18,424.5,4.245
2019-07-19,430.75,4.3075
2019-07-22,422.25,4.2225
2019-07-23,425.5,4.255
2019-07-24,424,4.24
2019-07-25,418.5,4.185
2019-07-26,414.5,4.145
2019-07-29,417,4.17
2019-07-30,411.25,4.1125
2019-07-31,400.25,4.0025
2019-08-01,392.75,3.9275
2019-08-02,399.5,3.995
2019-08-05,405.25,4.0525
2019-08-06,404,4.04
2019-08-07,406.5,4.065
2019-08-08,411,4.11
2019-08-09,410.25,4.1025
2019-08-12,385.25,3.8525
2019-08-13,366,3.66
2019-08-14,359,3.59
2019-08-15,360.75,3.6075
2019-08-16,371,3.71
2019-08-19,365,3.65
2019-08-20,359.5,3.595
2019-08-21,362.5,3.625
2019-08-22,363.25,3.6325
2019-08-23,359.75,3.5975
2019-08-26,358.5,3.585
2019-08-27,357,3.57
2019-08-28,362.75,3.6275
2019-08-29,359.75,3.5975
2019-08-30,358,3.58
2019-09-03,349.75,3.4975
2019-09-04,346,3.46
2019-09-05,346.5,3.465
2019-09-06,342.5,3.425
2019-09-09,340.75,3.4075
2019-09-10,348.5,3.485
2019-09-11,348.25,3.4825
2019-09-12,354.5,3.545
2019-09-13,355.5,3.555
2019-09-16,374,3.74
2019-09-17,368,3.68
2019-09-18,371.25,3.7125
2019-09-19,372.75,3.7275
2019-09-20,370.75,3.7075
2019-09-23,373.25,3.7325
2019-09-24,374.75,3.7475
2019-09-25,374.25,3.7425
2019-09-26,372.5,3.725
2019-09-27,371.5,3.715
2019-09-30,388,3.88
2019-10-01,392.5,3.925
2019-10-02,387.75,3.8775
2019-10-03,388.75,3.8875
2019-10-04,384.75,3.8475
2019-10-07,387,3.87
2019-10-08,395.75,3.9575
2019-10-09,394.25,3.9425
2019-10-10,380.25,3.8025
2019-10-11,397.75,3.9775
2019-10-14,397.75,3.9775
2019-10-15,393.25,3.9325
2019-10-16,391.75,3.9175
2019-10-17,394.75,3.9475
2019-10-18,391,3.91
2019-10-21,387.25,3.8725
2019-10-22,388,3.88
2019-10-23,387.75,3.8775
2019-10-24,386.75,3.8675
2019-10-25,386.75,3.8675
2019-10-28,384,3.84
2019-10-29,386.25,3.8625
2019-10-30,390.75,3.9075
2019-10-31,390,3.9
2019-11-01,389.25,3.8925
2019-11-04,383.25,3.8325
2019-11-05,381.75,3.8175
2019-11-06,378.75,3.7875
2019-11-07,375.25,3.7525
2019-11-08,377.25,3.7725
2019-11-11,373.25,3.7325
2019-11-12,377.75,3.7775
2019-11-13,375.25,3.7525
2019-11-14,375.75,3.7575
2019-11-15,371.25,3.7125
2019-11-18,367.75,3.6775
2019-11-19,370,3.7
2019-11-20,366.75,3.6675
2019-11-21,368.5,3.685
2019-11-22,368.75,3.6875
2019-11-25,370.5,3.705
2019-11-26,367.5,3.675
2019-11-27,362.75,3.6275
2019-11-29,371.25,3.7125
2019-12-02,373.5,3.735
2019-12-03,372,3.72
2019-12-04,368.75,3.6875
2019-12-05,365.5,3.655
2019-12-06,366.5,3.665
2019-12-09,365.75,3.6575
2019-12-10,363.25,3.6325
2019-12-11,357.75,3.5775
2019-12-12,367,3.67
2019-12-13,366.25,3.6625
2019-12-16,388,3.88
2019-12-17,390,3.9
2019-12-18,387,3.87
2019-12-19,386.5,3.865
2019-12-20,387.75,3.8775
2019-12-23,388.75,3.8875
2019-12-24,387.5,3.875
2019-12-26,388.5,3.885
2019-12-27,390,3.9
2019-12-30,388.25,3.8825
2019-12-31,387.75,3.8775
2020-01-02,391.5,3.915
2020-01-03,386.5,3.865
2020-01-06,384.75,3.8475
2020-01-07,384.5,3.845
2020-01-08,384.25,3.8425
2020-01-09,383.25,3.8325
2020-01-10,385.75,3.8575
2020-01-13,389.5,3.895
2020-01-14,389,3.89
2020-01-15,387.5,3.875
2020-01-16,375.5,3.755
2020-01-17,389.25,3.8925
2020-01-21,387.5,3.875
2020-01-22,388.75,3.8875
2020-01-23,393.75,3.9375
2020-01-24,387.25,3.8725
2020-01-27,380.5,3.805
2020-01-28,386.5,3.865
2020-01-29,384.25,3.8425
2020-01-30,379.5,3.795
2020-01-31,381.25,3.8125
2020-02-03,378.75,3.7875
2020-02-04,382.25,3.8225
2020-02-05,380.75,3.8075
2020-02-06,379.25,3.7925
2020-02-07,383.5,3.835
2020-02-10,381.75,3.8175
2020-02-11,379.75,3.7975
2020-02-12,383,3.83
2020-02-13,379.5,3.795
2020-02-14,377.75,3.7775
2020-02-18,383,3.83
2020-02-19,380.5,3.805
2020-02-20,378.5,3.785
2020-02-21,377,3.77
2020-02-24,372.25,3.7225
2020-02-25,372.5,3.725
2020-02-26,370.5,3.705
2020-02-27,364.5,3.645
2020-02-28,366.5,3.665
2020-03-02,374.75,3.7475
2020-03-03,381.75,3.8175
2020-03-04,387,3.87
2020-03-05,384.5,3.845
2020-03-06,377.25,3.7725
2020-03-09,374.25,3.7425
2020-03-10,380,3.8
2020-03-11,379.25,3.7925
2020-03-12,369.75,3.6975
2020-03-13,370.75,3.7075
2020-03-16,354.75,3.5475
2020-03-17,344,3.44
2020-03-18,335.25,3.3525
2020-03-19,345.5,3.455
2020-03-20,343.75,3.4375
2020-03-23,343.5,3.435
2020-03-24,347.25,3.4725
2020-03-25,348.5,3.485
2020-03-26,348.75,3.4875
2020-03-27,346,3.46
2020-03-30,341.25,3.4125
2020-03-31,340.75,3.4075
2020-04-01,334.75,3.3475
2020-04-02,333.5,3.335
2020-04-03,330.75,3.3075
2020-04-06,327.75,3.2775
2020-04-07,331.5,3.315
2020-04-08,330,3.3
2020-04-09,331.75,3.3175
2020-04-13,331.5,3.315
2020-04-14,326,3.26
2020-04-15,319.25,3.1925
2020-04-16,319.75,3.1975
2020-04-17,322.25,3.2225
2020-04-20,314.25,3.1425
2020-04-21,309.25,3.0925
2020-04-22,317.5,3.175
2020-04-23,319.25,3.1925
2020-04-24,315.75,3.1575
2020-04-27,305.5,3.055
2020-04-28,302.75,3.0275
2020-04-29,304.5,3.045
2020-04-30,311.5,3.115
2020-05-01,311.5,3.115
2020-05-04,310.75,3.1075
2020-05-05,313,3.13
2020-05-06,311.75,3.1175
2020-05-07,316,3.16
2020-05-08,319,3.19
2020-05-11,318.5,3.185
2020-05-12,323.75,3.2375
2020-05-13,320.25,3.2025
2020-05-14,320.25,3.2025
2020-05-15,319.25,3.1925
2020-05-18,320.75,3.2075
2020-05-19,321.25,3.2125
2020-05-20,319.5,3.195
2020-05-21,317.75,3.1775
2020-05-22,318,3.18
2020-05-26,319,3.19
2020-05-27,320.5,3.205
2020-05-28,327.5,3.275
2020-05-29,325.75,3.2575
2020-06-01,323.25,3.2325
2020-06-02,324.25,3.2425
2020-06-03,324,3.24
2020-06-04,329,3.29
2020-06-05,331.25,3.3125
2020-06-08,333.75,3.3375
2020-06-09,327.5,3.275
2020-06-10,326.25,3.2625
2020-06-11,329.75,3.2975
2020-06-12,330,3.3
2020-06-15,329.25,3.2925
2020-06-16,329,3.29
2020-06-17,330.25,3.3025
2020-06-18,331,3.31
2020-06-19,332.5,3.325
2020-06-22,328.25,3.2825
2020-06-23,325,3.25
2020-06-24,324.25,3.2425
2020-06-25,317.25,3.1725
2020-06-26,317,3.17
2020-06-29,326.25,3.2625
2020-06-30,338.5,3.385
2020-07-01,348.25,3.4825
2020-07-02,342.5,3.425
2020-07-06,346.5,3.465
2020-07-07,345,3.45
2020-07-08,348.25,3.4825
2020-07-09,351.25,3.5125
2020-07-10,340.5,3.405
2020-07-13,334,3.34
2020-07-14,334.75,3.3475
2020-07-15,326.25,3.2625
2020-07-16,330.25,3.3025
2020-07-17,333,3.33
2020-07-20,328.25,3.2825
2020-07-21,322.75,3.2275
2020-07-22,327.5,3.275
2020-07-23,328,3.28
2020-07-24,326.25,3.2625
2020-07-27,325,3.25
2020-07-28,320,3.2
2020-07-29,315.5,3.155
2020-07-30,315.75,3.1575
2020-07-31,316,3.16
2020-08-03,317.5,3.175
2020-08-04,308.25,3.0825
2020-08-05,311,3.11
2020-08-06,311.25,3.1125
2020-08-07,307.75,3.0775
2020-08-10,310.5,3.105
2020-08-11,311.5,3.115
2020-08-12,314.5,3.145
2020-08-13,325.25,3.2525
2020-08-14,324.5,3.245
2020-08-17,331,3.31
2020-08-18,327,3.27
2020-08-19,325,3.25
2020-08-20,324.5,3.245
2020-08-21,327,3.27
2020-08-24,331.75,3.3175
2020-08-25,340.75,3.4075
2020-08-26,340.5,3.405
2020-08-27,344.25,3.4425
2020-08-28,346,3.46
2020-08-31,348.5,3.485
2020-09-01,349.5,3.495
2020-09-02,349.75,3.4975
2020-09-03,344.5,3.445
2020-09-04,347.25,3.4725
2020-09-08,351,3.51
2020-09-09,350,3.5
2020-09-10,357.25,3.5725
2020-09-11,365,3.65
2020-09-14,357.5,3.575
2020-09-15,366,3.66
2020-09-16,371.75,3.7175
2020-09-17,375.25,3.7525
2020-09-18,378.5,3.785
2020-09-21,369.75,3.6975
2020-09-22,369.25,3.6925
2020-09-23,368.5,3.685
2020-09-24,363.5,3.635
2020-09-25,365.25,3.6525
2020-09-28,366.75,3.6675
2020-09-29,364.75,3.6475
2020-09-30,379,3.79
2020-10-01,382.75,3.8275
2020-10-02,379.75,3.7975
2020-10-05,379.5,3.795
2020-10-06,385,3.85
2020-10-07,388.75,3.8875
2020-10-08,387,3.87
2020-10-09,395,3.95
2020-10-12,389,3.89
2020-10-13,391.25,3.9125
2020-10-14,396.5,3.965
2020-10-15,403.75,4.0375
2020-10-16,402,4.02
2020-10-19,405.25,4.0525
2020-10-20,408.75,4.0875
2020-10-21,413.75,4.1375
2020-10-22,416.25,4.1625
2020-10-23,419.25,4.1925
2020-10-26,417.75,4.1775
2020-10-27,416,4.16
2020-10-28,401.5,4.015
2020-10-29,398.5,3.985
2020-10-30,398.5,3.985
2020-11-02,397.5,3.975
2020-11-03,401,4.01
2020-11-04,405.25,4.0525
2020-11-05,409.25,4.0925
2020-11-06,406.75,4.0675
2020-11-09,407.5,4.075
2020-11-10,423,4.23
2020-11-11,417.25,4.1725
2020-11-12,408.25,4.0825
2020-11-13,410.5,4.105
2020-11-16,416.25,4.1625
2020-11-17,420.25,4.2025
2020-11-18,425.75,4.2575
2020-11-19,422.5,4.225
2020-11-20,423.25,4.2325
2020-11-23,426.5,4.265
2020-11-24,425.75,4.2575
2020-11-25,420,4.2
2020-11-27,425.5,4.255
2020-11-30,419.75,4.1975
2020-12-01,414.75,4.1475
2020-12-02,419,4.19
2020-12-03,422.5,4.225
2020-12-04,417,4.17
2020-12-07,419.5,4.195
2020-12-08,417,4.17
2020-12-09,422,4.22
2020-12-10,420.25,4.2025
2020-12-11,424.25,4.2425
2020-12-14,419.25,4.1925
2020-12-15,424.75,4.2475
2020-12-16,427.25,4.2725
2020-12-17,432.5,4.325
2020-12-18,437.5,4.375
2020-12-21,440,4.4
2020-12-22,443.5,4.435
2020-12-23,447.25,4.4725
2020-12-24,451,4.51
2020-12-28,456.5,4.565
2020-12-29,466,4.66
2020-12-30,474.5,4.745
2020-12-31,484,4.84
2021-01-04,483.75,4.8375
2021-01-05,491.75,4.9175
2021-01-06,495,4.95
2021-01-07,494,4.94
2021-01-08,496.25,4.9625
2021-01-11,492.25,4.9225
2021-01-12,517.25,5.1725
2021-01-13,524.5,5.245
2021-01-14,534.25,5.3425
2021-01-15,531.5,5.315
2021-01-19,526,5.26
2021-01-20,522,5.22
2021-01-21,524.25,5.2425
2021-01-22,500.5,5.005
2021-01-25,511.5,5.115
2021-01-26,532.25,5.3225
2021-01-27,534,5.34
2021-01-28,534.5,5.345
2021-01-29,547,5.47
2021-02-01,549.25,5.4925
2021-02-02,543,5.43
2021-02-03,552,5.52
2021-02-04,550,5.5
2021-02-05,548.5,5.485
2021-02-08,563.75,5.6375
2021-02-09,556.25,5.5625
2021-02-10,534.5,5.345
2021-02-11,541,5.41
2021-02-12,538.75,5.3875
2021-02-16,552.25,5.5225
2021-02-17,553,5.53
2021-02-18,550.25,5.5025
2021-02-19,542.75,5.4275
2021-02-22,551,5.51
2021-02-23,553.75,5.5375
2021-02-24,559.25,5.5925
2021-02-25,554.75,5.5475
2021-02-26,555.5,5.555
2021-03-01,547.5,5.475
2021-03-02,560.75,5.6075
2021-03-03,550.25,5.5025
2021-03-04,546.25,5.4625
2021-03-05,562,5.62
2021-03-08,565,5.65
2021-03-09,562,5.62
2021-03-10,547.75,5.4775
2021-03-11,555,5.55
2021-03-12,549.25,5.4925
2021-03-15,549.5,5.495
2021-03-16,554.25,5.5425
2021-03-17,558,5.58
2021-03-18,546.5,5.465
2021-03-19,557.75,5.5775
2021-03-22,549,5.49
2021-03-23,551.25,5.5125
2021-03-24,553.25,5.5325
2021-03-25,546.5,5.465
2021-03-26,552.5,5.525
2021-03-29,546.75,5.4675
2021-03-30,539.25,5.3925
2021-03-31,564.25,5.6425
2021-04-01,559.75,5.5975
2021-04-05,553.25,5.5325
2021-04-06,554.25,5.5425
2021-04-07,560.5,5.605
2021-04-08,579.75,5.7975
2021-04-09,577.25,5.7725
2021-04-12,569,5.69
2021-04-13,580,5.8
2021-04-14,594,5.94
2021-04-15,590,5.9
2021-04-16,585.5,5.855
2021-04-19,592,5.92
2021-04-20,606.5,6.065
2021-04-21,625.5,6.255
2021-04-22,650.5,6.505
2021-04-23,655.5,6.555
2021-04-26,680.5,6.805
2021-04-27,695.5,6.955
2021-04-28,686.25,6.8625
2021-04-29,702,7.02
2021-04-30,740,7.4
2021-05-03,732.25,7.3225
2021-05-04,744.75,7.4475
2021-05-05,753.25,7.5325
2021-05-06,759.5,7.595
2021-05-07,772.75,7.7275
2021-05-10,748,7.48
2021-05-11,759.5,7.595
2021-05-12,757.5,7.575
2021-05-13,719,7.19
2021-05-14,685,6.85
2021-05-17,652.5,6.525
2021-05-18,658.25,6.5825
2021-05-19,658.25,6.5825
2021-05-20,664.5,6.645
2021-05-21,659.5,6.595
2021-05-24,657.25,6.5725
2021-05-25,620.25,6.2025
2021-05-26,624.5,6.245
2021-05-27,664.5,6.645
2021-05-28,656.75,6.5675
2021-06-01,688.75,6.8875
2021-06-02,675,6.75
2021-06-03,662,6.62
2021-06-04,682.75,6.8275
2021-06-07,679.25,6.7925
2021-06-08,680,6.8
2021-06-09,690.75,6.9075
2021-06-10,699,6.99
2021-06-11,684.5,6.845
2021-06-14,659.25,6.5925
2021-06-15,667.5,6.675
2021-06-16,673,6.73
2021-06-17,633,6.33
2021-06-18,655.25,6.5525
2021-06-21,659.25,6.5925
2021-06-22,659.75,6.5975
2021-06-23,664.25,6.6425
2021-06-24,653.25,6.5325
2021-06-25,636.5,6.365
2021-06-28,675.5,6.755
2021-06-29,694.5,6.945
2021-06-30,720,7.2
2021-07-01,719.75,7.1975
2021-07-02,697.25,6.9725
2021-07-06,656,6.56
2021-07-07,652.5,6.525
2021-07-08,638,6.38
2021-07-09,629.75,6.2975
2021-07-12,669.25,6.6925
2021-07-13,677,6.77
2021-07-14,683,6.83
2021-07-15,564.25,5.6425
2021-07-16,556,5.56
2021-07-19,556,5.56
2021-07-20,571.75,5.7175
2021-07-21,571.75,5.7175
2021-07-22,564.5,5.645
2021-07-23,547.25,5.4725
2021-07-26,549.75,5.4975
2021-07-27,548.75,5.4875
2021-07-28,549.25,5.4925
2021-07-29,558,5.58
2021-07-30,547,5.47
2021-08-02,558.75,5.5875
2021-08-03,550.5,5.505
2021-08-04,545.75,5.4575
2021-08-05,555.75,5.5575
2021-08-06,555,5.55
2021-08-09,550.25,5.5025
2021-08-10,549.25,5.4925
2021-08-11,556.25,5.5625
2021-08-12,567,5.67
2021-08-13,568.25,5.6825
2021-08-16,564.75,5.6475
2021-08-17,558.25,5.5825
2021-08-18,561.75,5.6175
2021-08-19,550,5.5
2021-08-20,538.75,5.3875
2021-08-23,538,5.38
2021-08-24,544.5,5.445
2021-08-25,551.25,5.5125
2021-08-26,552.75,5.5275
2021-08-27,558,5.58
2021-08-30,540.25,5.4025
2021-08-31,534,5.34
2021-09-01,515.5,5.155
2021-09-02,516.25,5.1625
2021-09-03,508,5.08
2021-09-07,495.75,4.9575
2021-09-08,498.25,4.9825
2021-09-09,496,4.96
2021-09-10,502.75,5.0275
2021-09-13,496.75,4.9675
2021-09-14,503,5.03
2021-09-15,533.5,5.335
2021-09-16,529.5,5.295
2021-09-17,527.25,5.2725
2021-09-20,521.75,5.2175
2021-09-21,517,5.17
2021-09-22,525.5,5.255
2021-09-23,529.25,5.2925
2021-09-24,526.75,5.2675
2021-09-27,539.5,5.395
2021-09-28,532.5,5.325
2021-09-29,539,5.39
2021-09-30,536.75,5.3675
2021-10-01,541.5,5.415
2021-10-04,540.75,5.4075
2021-10-05,537.5,5.375
2021-10-06,532.25,5.3225
2021-10-07,534,5.34
2021-10-08,530.5,5.305
2021-10-11,533,5.33
2021-10-12,522.5,5.225
2021-10-13,512.25,5.1225
2021-10-14,516.75,5.1675
2021-10-15,525.75,5.2575
2021-10-18,532.75,5.3275
2021-10-19,530.25,5.3025
2021-10-20,539.25,5.3925
2021-10-21,532.25,5.3225
2021-10-22,538,5.38
2021-10-25,538,5.38
2021-10-26,543.5,5.435
2021-10-27,557.25,5.5725
2021-10-28,562.75,5.6275
2021-10-29,568.25,5.6825
2021-11-01,579,5.79
2021-11-02,573,5.73
2021-11-03,564,5.64
2021-11-04,559.25,5.5925
2021-11-05,553,5.53
2021-11-08,551.5,5.515
2021-11-09,554.75,5.5475
2021-11-10,569.25,5.6925
2021-11-11,569.5,5.695
2021-11-12,577.25,5.7725
2021-11-15,576.5,5.765
2021-11-16,571,5.71
2021-11-17,575.25,5.7525
2021-11-18,573,5.73
2021-11-19,570.75,5.7075
2021-11-22,576.75,5.7675
2021-11-23,580.5,5.805
2021-11-24,579.75,5.7975
2021-11-26,586.75,5.8675
2021-11-29,581,5.81
2021-11-30,567,5.67
2021-12-01,572,5.72
2021-12-02,577,5.77
2021-12-03,586,5.86
2021-12-06,583.5,5.835
2021-12-07,586.25,5.8625
2021-12-08,584.75,5.8475
2021-12-09,588.5,5.885
2021-12-10,588.5,5.885
2021-12-13,584.25,5.8425
2021-12-14,588.75,5.8875
2021-12-15,585.75,5.8575
2021-12-16,591.25,5.9125
2021-12-17,593.25,5.9325
2021-12-20,591,5.91
2021-12-21,598.25,5.9825
2021-12-22,602.5,6.025
2021-12-23,605.75,6.0575
2021-12-27,614.75,6.1475
2021-12-28,604.75,6.0475
2021-12-29,605.5,6.055
2021-12-30,596,5.96
2021-12-31,593.25,5.9325
2022-01-03,589.25,5.8925
2022-01-04,609.5,6.095
2022-01-05,602.25,6.0225
2022-01-06,603.75,6.0375
2022-01-07,606.75,6.0675
2022-01-10,599.75,5.9975
2022-01-11,601,6.01
2022-01-12,599,5.99
2022-01-13,587.5,5.875
2022-01-14,596.25,5.9625
2022-01-18,599.5,5.995
2022-01-19,610.5,6.105
2022-01-20,611,6.11
2022-01-21,616.25,6.1625
2022-01-24,621,6.21
2022-01-25,620,6.2
2022-01-26,627,6.27
2022-01-27,625.25,6.2525
2022-01-28,636,6.36
2022-01-31,626,6.26
2022-02-01,634.75,6.3475
2022-02-02,622.5,6.225
2022-02-03,616.75,6.1675
2022-02-04,620.5,6.205
2022-02-07,635.25,6.3525
2022-02-08,632.25,6.3225
2022-02-09,646.75,6.4675
2022-02-10,641.75,6.4175
2022-02-11,651,6.51
2022-02-14,655.75,6.5575
2022-02-15,638,6.38
2022-02-16,647,6.47
2022-02-17,650,6.5
2022-02-18,654.25,6.5425
2022-02-22,674.75,6.7475
2022-02-23,683.75,6.8375
2022-02-24,695,6.95
2022-02-25,659.5,6.595
2022-02-28,697.5,6.975
2022-03-01,739.75,7.3975
2022-03-02,739,7.39
2022-03-03,751.25,7.5125
2022-03-04,756.5,7.565
2022-03-07,749.25,7.4925
2022-03-08,754.5,7.545
2022-03-09,735,7.35
2022-03-10,757.75,7.5775
2022-03-11,764.5,7.645
2022-03-14,728.25,7.2825
2022-03-15,758,7.58
2022-03-16,730,7.3
2022-03-17,754.5,7.545
2022-03-18,741.75,7.4175
2022-03-21,756.25,7.5625
2022-03-22,753,7.53
2022-03-23,757.75,7.5775
2022-03-24,748.25,7.4825
2022-03-25,754,7.54
2022-03-28,748.5,7.485
2022-03-29,726.25,7.2625
2022-03-30,738,7.38
2022-03-31,748.75,7.4875
2022-04-01,735,7.35
2022-04-04,750.5,7.505
2022-04-05,759.75,7.5975
2022-04-06,756.5,7.565
2022-04-07,757.75,7.5775
2022-04-08,768.75,7.6875
2022-04-11,764.5,7.645
2022-04-12,776.25,7.7625
2022-04-13,783.5,7.835
2022-04-14,790.25,7.9025
2022-04-18,813.25,8.1325
2022-04-19,804,8.04
2022-04-20,815.75,8.1575
2022-04-21,799.25,7.9925
2022-04-22,793,7.93
2022-04-25,800.25,8.0025
2022-04-26,803.25,8.0325
2022-04-27,815.5,8.155
2022-04-28,816,8.16
2022-04-29,818.25,8.1825
2022-05-02,813,8.13
2022-05-03,800.75,8.0075
2022-05-04,798.5,7.985
2022-05-05,803.75,8.0375
2022-05-06,792.25,7.9225
2022-05-09,784.5,7.845
2022-05-10,786.5,7.865
2022-05-11,802.25,8.0225
2022-05-12,813.5,8.135
2022-05-13,794.5,7.945
2022-05-16,809.5,8.095
2022-05-17,800.75,8.0075
2022-05-18,781.5,7.815
2022-05-19,783.25,7.8325
2022-05-20,778.75,7.7875
2022-05-23,786.25,7.8625
2022-05-24,771.75,7.7175
2022-05-25,772.25,7.7225
2022-05-26,765,7.65
2022-05-27,777.25,7.7725
2022-05-31,753.5,7.535
2022-06-01,731.25,7.3125
2022-06-02,730.25,7.3025
2022-06-03,727,7.27
2022-06-06,742.5,7.425
2022-06-07,757,7.57
2022-06-08,764.5,7.645
2022-06-09,773,7.73
2022-06-10,773.25,7.7325
2022-06-13,769.25,7.6925
2022-06-14,768.25,7.6825
2022-06-15,774,7.74
2022-06-16,788.25,7.8825
2022-06-17,784.5,7.845
2022-06-21,760.75,7.6075
2022-06-22,768,7.68
2022-06-23,746.75,7.4675
2022-06-24,750.25,7.5025
2022-06-27,744.25,7.4425
2022-06-28,759.5,7.595
2022-06-29,770.25,7.7025
2022-06-30,743.75,7.4375
2022-07-01,754.5,7.545
2022-07-05,736,7.36
2022-07-06,744.25,7.4425
2022-07-07,747,7.47
2022-07-08,778.25,7.7825
2022-07-11,781.25,7.8125
2022-07-12,732.75,7.3275
2022-07-13,740,7.4
2022-07-14,695,6.95
2022-07-15,604.25,6.0425
2022-07-18,612.25,6.1225
2022-07-19,596.75,5.9675
2022-07-20,592.25,5.9225
2022-07-21,575.75,5.7575
2022-07-22,564.25,5.6425
2022-07-25,580,5.8
2022-07-26,597,5.97
2022-07-27,600.25,6.0025
2022-07-28,615,6.15
2022-07-29,616.25,6.1625
2022-08-01,607,6.07
2022-08-02,591.25,5.9125
2022-08-03,591.5,5.915
2022-08-04,602.25,6.0225
2022-08-05,610.25,6.1025
2022-08-08,608.5,6.085
2022-08-09,615.5,6.155
2022-08-10,621.25,6.2125
2022-08-11,629.25,6.2925
2022-08-12,639.75,6.3975
2022-08-15,626.75,6.2675
2022-08-16,611,6.11
2022-08-17,615,6.15
2022-08-18,619.75,6.1975
2022-08-19,626,6.26
2022-08-22,633.5,6.335
2022-08-23,660,6.6
2022-08-24,665.75,6.6575
2022-08-25,657.5,6.575
2022-08-26,668.75,6.6875
2022-08-29,683.75,6.8375
2022-08-30,679.75,6.7975
2022-08-31,673.75,6.7375
2022-09-01,658.25,6.5825
2022-09-02,669,6.69
2022-09-06,680.75,6.8075
2022-09-07,676.75,6.7675
2022-09-08,674.5,6.745
2022-09-09,698.5,6.985
2022-09-12,712.25,7.1225
2022-09-13,709,7.09
2022-09-14,709,7.09
2022-09-15,677.5,6.775
2022-09-16,677.25,6.7725
2022-09-19,678.25,6.7825
2022-09-20,692,6.92
2022-09-21,685.5,6.855
2022-09-22,688.25,6.8825
2022-09-23,676.75,6.7675
2022-09-26,666.25,6.6625
2022-09-27,667.5,6.675
2022-09-28,670.5,6.705
2022-09-29,669.5,6.695
2022-09-30,677.5,6.775
2022-10-03,680.75,6.8075
2022-10-04,683,6.83
2022-10-05,684,6.84
2022-10-06,675.5,6.755
2022-10-07,683.25,6.8325
2022-10-10,698.25,6.9825
2022-10-11,693,6.93
2022-10-12,693,6.93
2022-10-13,697.75,6.9775
2022-10-14,689.75,6.8975
2022-10-17,683.5,6.835
2022-10-18,681,6.81
2022-10-19,678.25,6.7825
2022-10-20,684,6.84
2022-10-21,684.25,6.8425
2022-10-24,681.5,6.815
2022-10-25,686.25,6.8625
2022-10-26,685,6.85
2022-10-27,682.25,6.8225
2022-10-28,680.75,6.8075
2022-10-31,691.5,6.915
2022-11-01,697.75,6.9775
2022-11-02,687.5,6.875
2022-11-03,679.25,6.7925
2022-11-04,681,6.81
2022-11-07,675.75,6.7575
2022-11-08,667.5,6.675
2022-11-09,664.5,6.645
2022-11-10,653.25,6.5325
2022-11-11,658,6.58
2022-11-14,657.25,6.5725
2022-11-15,666.75,6.6675
2022-11-16,665.25,6.6525
2022-11-17,667.5,6.675
2022-11-18,667.75,6.6775
2022-11-21,659.5,6.595
2022-11-22,656.75,6.5675
2022-11-23,663.25,6.6325
2022-11-25,668,6.68
2022-11-28,668.75,6.6875
2022-11-29,665.75,6.6575
2022-11-30,662,6.62
2022-12-01,650,6.5
2022-12-02,635,6.35
2022-12-05,628.75,6.2875
2022-12-06,625.5,6.255
2022-12-07,627.75,6.2775
2022-12-08,632,6.32
2022-12-09,634.75,6.3475
2022-12-12,641.25,6.4125
2022-12-13,643.75,6.4375
2022-12-14,639,6.39
2022-12-15,653.5,6.535
2022-12-16,653,6.53
2022-12-19,647.25,6.4725
2022-12-20,652,6.52
2022-12-21,662.25,6.6225
2022-12-22,660.5,6.605
2022-12-23,666.25,6.6625
2022-12-27,674.75,6.7475
2022-12-28,682.75,6.8275
2022-12-29,679.5,6.795
2022-12-30,678.5,6.785
2023-01-03,670.5,6.705
2023-01-04,653.75,6.5375
2023-01-05,652.75,6.5275
2023-01-06,654,6.54
2023-01-09,652.75,6.5275
2023-01-10,655,6.55
2023-01-11,656,6.56
2023-01-12,671,6.71
2023-01-13,675,6.75
2023-01-17,685.25,6.8525
2023-01-18,681.25,6.8125
2023-01-19,677.25,6.7725
2023-01-20,676.25,6.7625
2023-01-23,666.25,6.6625
2023-01-24,677,6.77
2023-01-25,674.75,6.7475
2023-01-26,682.5,6.825
2023-01-27,683,6.83
2023-01-30,683.75,6.8375
2023-01-31,679.75,6.7975
2023-02-01,681,6.81
2023-02-02,675.25,6.7525
2023-02-03,677.5,6.775
2023-02-06,679,6.79
2023-02-07,674,6.74
2023-02-08,678.5,6.785
2023-02-09,670.75,6.7075
2023-02-10,680.5,6.805
2023-02-13,685,6.85
2023-02-14,682.25,6.8225
2023-02-15,676.25,6.7625
2023-02-16,676,6.76
2023-02-17,677.75,6.7775
2023-02-21,680.5,6.805
2023-02-22,674,6.74
2023-02-23,660.25,6.6025
2023-02-24,650,6.5
2023-02-27,642.75,6.4275
2023-02-28,629.5,6.295
2023-03-01,640.5,6.405
2023-03-02,637.75,6.3775
2023-03-03,645.25,6.4525
2023-03-06,644.5,6.445
2023-03-07,642,6.42
2023-03-08,634.5,6.345
2023-03-09,618.5,6.185
2023-03-10,624.25,6.2425
2023-03-13,624.5,6.245
2023-03-14,627.5,6.275
2023-03-15,626.5,6.265
2023-03-16,632.75,6.3275
2023-03-17,634.25,6.3425
2023-03-20,633,6.33
2023-03-21,630,6.3
2023-03-22,633.5,6.335
2023-03-23,631.75,6.3175
2023-03-24,643,6.43
2023-03-27,648.25,6.4825
2023-03-28,647.25,6.4725
2023-03-29,650.5,6.505
2023-03-30,649.5,6.495
2023-03-31,660.5,6.605
2023-04-03,657.75,6.5775
2023-04-04,653.75,6.5375
2023-04-05,652.75,6.5275
2023-04-06,643.5,6.435
2023-04-10,654,6.54
2023-04-11,651,6.51
2023-04-12,656,6.56
2023-04-13,652.25,6.5225
2023-04-14,666.25,6.6625
2023-04-17,676.5,6.765
2023-04-18,677.5,6.775
2023-04-19,672.25,6.7225
2023-04-20,663.75,6.6375
2023-04-21,663.25,6.6325
2023-04-24,651.25,6.5125
2023-04-25,646.5,6.465
2023-04-26,641.5,6.415
2023-04-27,627,6.27
2023-04-28,636,6.36
2023-05-01,639.5,6.395
2023-05-02,638,6.38
2023-05-03,645.25,6.4525
2023-05-04,646.5,6.465
2023-05-05,653.25,6.5325
2023-05-08,656.5,6.565
2023-05-09,642.25,6.4225
2023-05-10,645.5,6.455
2023-05-11,632.5,6.325
2023-05-12,633.25,6.3325
2023-05-15,592.5,5.925
2023-05-16,581.25,5.8125
2023-05-17,561.5,5.615
2023-05-18,555.25,5.5525
2023-05-19,554.5,5.545
2023-05-22,571,5.71
2023-05-23,577.5,5.775
2023-05-24,587.25,5.8725
2023-05-25,590.75,5.9075
2023-05-26,604,6.04
2023-05-30,594,5.94
2023-05-31,594,5.94
2023-06-01,592.5,5.925
2023-06-02,609,6.09
2023-06-05,597.5,5.975
2023-06-06,608,6.08
2023-06-07,604.25,6.0425
2023-06-08,610.25,6.1025
2023-06-09,604.25,6.0425
2023-06-12,617.25,6.1725
2023-06-13,612.5,6.125
2023-06-14,607.75,6.0775
2023-06-15,623.25,6.2325
2023-06-16,640.25,6.4025
2023-06-20,643.75,6.4375
2023-06-21,671,6.71
2023-06-22,660.5,6.605
2023-06-23,630.75,6.3075
2023-06-26,637.25,6.3725
2023-06-27,623,6.23
2023-06-28,590,5.9
2023-06-29,581,5.81
2023-06-30,554.5,5.545
2023-07-03,557.25,5.5725
2023-07-05,548.25,5.4825
2023-07-06,566.75,5.6675
2023-07-07,560.5,5.605
2023-07-10,570.75,5.7075
2023-07-11,571.75,5.7175
2023-07-12,549.75,5.4975
2023-07-13,593.5,5.935
2023-07-14,599.75,5.9975
2023-07-17,499.25,4.9925
2023-07-18,528.75,5.2875
2023-07-19,545.5,5.455
2023-07-20,537.25,5.3725
2023-07-21,527,5.27
2023-07-24,560.5,5.605
2023-07-25,557.5,5.575
2023-07-26,540.25,5.4025
2023-07-27,533.25,5.3325
2023-07-28,521,5.21
2023-07-31,504,5.04
2023-08-01,497,4.97
2023-08-02,488.25,4.8825
2023-08-03,480.75,4.8075
2023-08-04,484.25,4.8425
2023-08-07,482.25,4.8225
2023-08-08,485.75,4.8575
2023-08-09,481,4.81
2023-08-10,483.25,4.8325
2023-08-11,474.5,4.745
2023-08-14,475.75,4.7575
2023-08-15,464,4.64
2023-08-16,469.5,4.695
2023-08-17,473,4.73
2023-08-18,479.5,4.795
2023-08-21,469.25,4.6925
2023-08-22,466.5,4.665
2023-08-23,476.25,4.7625
2023-08-24,472.25,4.7225
2023-08-25,470.75,4.7075
2023-08-28,478.5,4.785
2023-08-29,469.5,4.695
2023-08-30,461.75,4.6175
2023-08-31,461,4.61
2023-09-01,464.75,4.6475
2023-09-05,471,4.71
2023-09-06,471.5,4.715
2023-09-07,470.75,4.7075
2023-09-08,468.5,4.685
2023-09-11,471.25,4.7125
2023-09-12,463.25,4.6325
2023-09-13,464,4.64
2023-09-14,462.5,4.625
2023-09-15,476.25,4.7625
2023-09-18,471.5,4.715
2023-09-19,476.25,4.7625
2023-09-20,482.25,4.8225
2023-09-21,475.25,4.7525
2023-09-22,477.25,4.7725
2023-09-25,481.25,4.8125
2023-09-26,479.75,4.7975
2023-09-27,483.25,4.8325
2023-09-28,488.5,4.885
2023-09-29,476.75,4.7675
2023-10-02,488.75,4.8875
2023-10-03,487.5,4.875
2023-10-04,486,4.86
2023-10-05,497.5,4.975
2023-10-06,492,4.92
2023-10-09,488.25,4.8825
2023-10-10,485.5,4.855
2023-10-11,488,4.88
2023-10-12,496,4.96
2023-10-13,493.25,4.9325
2023-10-16,490,4.9
2023-10-17,489,4.89
2023-10-18,492,4.92
2023-10-19,505,5.05
2023-10-20,495.5,4.955
2023-10-23,490.25,4.9025
2023-10-24,484,4.84
2023-10-25,480,4.8
2023-10-26,479.25,4.7925
2023-10-27,480.75,4.8075
2023-10-30,478.25,4.7825
2023-10-31,478.75,4.7875
2023-11-01,475,4.75
2023-11-02,470,4.7
2023-11-03,477.25,4.7725
2023-11-06,477.25,4.7725
2023-11-07,468.5,4.685
2023-11-08,476,4.76
2023-11-09,468,4.68
2023-11-10,464,4.64
2023-11-13,477.25,4.7725
2023-11-14,478.25,4.7825
2023-11-15,470.75,4.7075
2023-11-16,474.75,4.7475
2023-11-17,467,4.67
2023-11-20,469.5,4.695
2023-11-21,470,4.7
2023-11-22,468.75,4.6875
2023-11-24,463.25,4.6325
2023-11-27,455.5,4.555
2023-11-28,451.5,4.515
2023-11-29,449.75,4.4975
2023-11-30,461.75,4.6175
2023-12-01,464.5,4.645
2023-12-04,460.25,4.6025
2023-12-05,468.5,4.685
2023-12-06,464.75,4.6475
2023-12-07,468.25,4.6825
2023-12-08,465.75,4.6575
2023-12-11,460.5,4.605
2023-12-12,462.5,4.625
2023-12-13,456.75,4.5675
2023-12-14,456.75,4.5675
2023-12-15,483,4.83
2023-12-18,477,4.77
2023-12-19,472.75,4.7275
2023-12-20,469.75,4.6975
2023-12-21,472.5,4.725
2023-12-22,473,4.73
2023-12-26,480.25,4.8025
2023-12-27,476.5,4.765
2023-12-28,474.25,4.7425
2023-12-29,471.25,4.7125
2024-01-02,463.75,4.6375
2024-01-03,465.25,4.6525
2024-01-04,466.5,4.665
2024-01-05,460.75,4.6075
2024-01-08,455,4.55
2024-01-09,459.25,4.5925
2024-01-10,459.5,4.595
2024-01-11,457.75,4.5775
2024-01-12,447,4.47
2024-01-16,443.5,4.435
2024-01-17,442.25,4.4225
2024-01-18,444,4.44
2024-01-19,445.5,4.455
2024-01-22,445.75,4.4575
2024-01-23,446.5,4.465
2024-01-24,452.25,4.5225
2024-01-25,451.75,4.5175
2024-01-26,446.25,4.4625
2024-01-29,440.25,4.4025
2024-01-30,447.75,4.4775
2024-01-31,448.25,4.4825
2024-02-01,447.25,4.4725
2024-02-02,442.75,4.4275
2024-02-05,442.75,4.4275
2024-02-06,438.75,4.3875
2024-02-07,434.25,4.3425
2024-02-08,433.25,4.3325
2024-02-09,429,4.29
2024-02-12,430.5,4.305
2024-02-13,430.75,4.3075
2024-02-14,424.25,4.2425
2024-02-15,417.75,4.1775
2024-02-16,416.5,4.165
2024-02-20,418.75,4.1875
2024-02-21,411,4.11
2024-02-22,406,4.06
2024-02-23,399.75,3.9975
2024-02-26,407,4.07
2024-02-27,408.25,4.0825
2024-02-28,413.25,4.1325
2024-02-29,415.75,4.1575
2024-03-01,412.25,4.1225
2024-03-04,417.5,4.175
2024-03-05,413.5,4.135
2024-03-06,418,4.18
2024-03-07,426,4.26
2024-03-08,426.25,4.2625
2024-03-11,428.25,4.2825
2024-03-12,429,4.29
2024-03-13,426.5,4.265
2024-03-14,422.5,4.225
2024-03-15,436.75,4.3675
2024-03-18,436,4.36
2024-03-19,439.5,4.395
2024-03-20,439,4.39
2024-03-21,440.75,4.4075
2024-03-22,439.25,4.3925
2024-03-25,437.75,4.3775
2024-03-26,432.5,4.325
2024-03-27,426.75,4.2675
2024-03-28,442,4.42
2024-04-01,435.5,4.355
2024-04-02,426.5,4.265
2024-04-03,431.75,4.3175
2024-04-04,435.25,4.3525
2024-04-05,434.25,4.3425
2024-04-08,435.5,4.355
2024-04-09,431.25,4.3125
2024-04-10,434.25,4.3425
2024-04-11,428.75,4.2875
2024-04-12,435.5,4.355
2024-04-15,431.5,4.315
2024-04-16,431,4.31
2024-04-17,430.25,4.3025
2024-04-18,426.75,4.2675
2024-04-19,433.5,4.335
2024-04-22,439.75,4.3975
2024-04-23,443,4.43
2024-04-24,437.75,4.3775
2024-04-25,441,4.41
2024-04-26,440,4.4
2024-04-29,439.25,4.3925
2024-04-30,439.5,4.395
2024-05-01,443.25,4.4325
2024-05-02,452,4.52
2024-05-03,447,4.47
2024-05-06,457,4.57
2024-05-07,453.75,4.5375
2024-05-08,445.5,4.455
2024-05-09,442.75,4.4275
2024-05-10,455.75,4.5575
2024-05-13,458.5,4.585
2024-05-14,453.75,4.5375
2024-05-15,462.5,4.625
2024-05-16,457,4.57
2024-05-17,452.5,4.525
2024-05-20,460.5,4.605
2024-05-21,458,4.58
2024-05-22,461.25,4.6125
2024-05-23,464,4.64
2024-05-24,464.75,4.6475
2024-05-28,462.5,4.625
2024-05-29,455.25,4.5525
2024-05-30,448.75,4.4875
2024-05-31,446.25,4.4625
2024-06-03,443.5,4.435
2024-06-04,442.5,4.425
2024-06-05,439.25,4.3925
2024-06-06,452,4.52
2024-06-07,448.75,4.4875
2024-06-10,451.75,4.5175
2024-06-11,449.5,4.495
2024-06-12,454.25,4.5425
2024-06-13,458.5,4.585
2024-06-14,450,4.5
2024-06-17,443.75,4.4375
2024-06-18,450,4.5
2024-06-20,439.75,4.3975
2024-06-21,435,4.35
2024-06-24,433.5,4.335
2024-06-25,425.5,4.255
2024-06-26,420,4.2
2024-06-27,413.75,4.1375
2024-06-28,397.25,3.9725
2024-07-01,398.25,3.9825
2024-07-02,402,4.02
2024-07-03,403.5,4.035
2024-07-05,411.25,4.1125
2024-07-08,395.75,3.9575
2024-07-09,400.25,4.0025
2024-07-10,403.25,4.0325
2024-07-11,406.75,4.0675
2024-07-12,400,4
2024-07-15,390.5,3.905
2024-07-16,395.75,3.9575
2024-07-17,398,3.98
2024-07-18,391.25,3.9125
2024-07-19,390.5,3.905
2024-07-22,400.25,4.0025
2024-07-23,402.5,4.025
2024-07-24,403.75,4.0375
2024-07-25,406,4.06
2024-07-26,394.5,3.945
2024-07-29,396.25,3.9625
2024-07-30,388.75,3.8875
2024-07-31,382.75,3.8275
2024-08-01,382,3.82
2024-08-02,386.5,3.865
2024-08-05,390.75,3.9075
2024-08-06,388.75,3.8875
2024-08-07,383.25,3.8325
2024-08-08,379.25,3.7925
2024-08-09,376.75,3.7675
2024-08-12,383.25,3.8325
2024-08-13,377.75,3.7775
2024-08-14,381,3.81
2024-08-15,375,3.75
2024-08-16,370.5,3.705
2024-08-19,378,3.78
2024-08-20,375,3.75
2024-08-21,375.5,3.755
2024-08-22,371.5,3.715
2024-08-23,367.75,3.6775
2024-08-26,362,3.62
2024-08-27,367.25,3.6725
2024-08-28,365.25,3.6525
2024-08-29,371.75,3.7175
2024-08-30,378,3.78
2024-09-03,386.5,3.865
2024-09-04,390.5,3.905
2024-09-05,390,3.9
2024-09-06,383.75,3.8375
2024-09-09,384.25,3.8425
2024-09-10,379.5,3.795
2024-09-11,380.5,3.805
2024-09-12,386.25,3.8625
2024-09-13,390.75,3.9075
2024-09-16,410.75,4.1075
2024-09-17,412.5,4.125
2024-09-18,412.75,4.1275
2024-09-19,405.75,4.0575
2024-09-20,401.75,4.0175
2024-09-23,413.5,4.135
2024-09-24,411.75,4.1175
2024-09-25,415.25,4.1525
2024-09-26,413.25,4.1325
2024-09-27,418,4.18
2024-09-30,424.75,4.2475
2024-10-01,429,4.29
2024-10-02,432.5,4.325
2024-10-03,428.25,4.2825
2024-10-04,424.75,4.2475
2024-10-07,426,4.26
2024-10-08,420.75,4.2075
2024-10-09,421,4.21
2024-10-10,418.5,4.185
2024-10-11,415.75,4.1575
2024-10-14,408.25,4.0825
2024-10-15,401.25,4.0125
2024-10-16,404.75,4.0475
2024-10-17,406.75,4.0675
2024-10-18,404.75,4.0475
2024-10-21,409.5,4.095
2024-10-22,416.5,4.165
2024-10-23,419,4.19
2024-10-24,421.5,4.215
2024-10-25,415.25,4.1525
2024-10-28,410.75,4.1075
2024-10-29,413.75,4.1375
2024-10-30,411.5,4.115
2024-10-31,410.75,4.1075
2024-11-01,414.5,4.145
2024-11-04,416.5,4.165
2024-11-05,418.5,4.185
2024-11-06,426.25,4.2625
2024-11-07,427.5,4.275
2024-11-08,431,4.31
2024-11-11,430,4.3
2024-11-12,428.5,4.285
2024-11-13,426.5,4.265
2024-11-14,419,4.19
2024-11-15,424,4.24
2024-11-18,429.25,4.2925
2024-11-19,427.25,4.2725
2024-11-20,430.25,4.3025
2024-11-21,426.75,4.2675
2024-11-22,425.5,4.255
2024-11-25,424.75,4.2475
2024-11-26,420,4.2
2024-11-27,415.75,4.1575
2024-11-29,423,4.23
2024-12-02,424.5,4.245
2024-12-03,423.25,4.2325
2024-12-04,422,4.22
2024-12-05,426.5,4.265
2024-12-06,430.75,4.3075
2024-12-09,434,4.34
2024-12-10,440.5,4.405
2024-12-11,438,4.38
2024-12-12,431.75,4.3175
2024-12-13,430,4.3
2024-12-16,445,4.45
2024-12-17,443.5,4.435
2024-12-18,437.25,4.3725
2024-12-19,440.75,4.4075
2024-12-20,446.25,4.4625
2024-12-23,447.75,4.4775
2024-12-24,448.5,4.485
2024-12-26,453.75,4.5375
2024-12-27,454,4.54
2024-12-30,452.25,4.5225
2024-12-31,458.5,4.585
2025-01-02,459.5,4.595
2025-01-03,450.75,4.5075
2025-01-06,457.75,4.5775
2025-01-07,458,4.58
2025-01-08,454,4.54
2025-01-09,456,4.56
2025-01-10,470.5,4.705
2025-01-13,476.5,4.765
2025-01-14,474.5,4.745
2025-01-15,478.75,4.7875
2025-01-16,474.5,4.745
2025-01-17,484.25,4.8425
2025-01-21,490,4.9
2025-01-22,484.25,4.8425
2025-01-23,489.75,4.8975
2025-01-24,486.5,4.865
2025-01-27,482,4.82
2025-01-28,485.25,4.8525
2025-01-29,497,4.97
2025-01-30,490.25,4.9025
2025-01-31,482,4.82
2025-02-03,488.75,4.8875
2025-02-04,494.5,4.945
2025-02-05,493.25,4.9325
2025-02-06,495.25,4.9525
2025-02-07,487.5,4.875
2025-02-10,491.5,4.915
2025-02-11,484,4.84
2025-02-12,490.25,4.9025
2025-02-13,493.5,4.935
2025-02-14,496.25,4.9625
2025-02-18,502,5.02
2025-02-19,497.5,4.975
2025-02-20,498,4.98
2025-02-21,491.25,4.9125
2025-02-24,482.5,4.825
2025-02-25,479.75,4.7975
2025-02-26,478.25,4.7825
2025-02-27,464.75,4.6475
2025-02-28,453.5,4.535
2025-03-03,440.25,4.4025
2025-03-04,436,4.36
2025-03-05,440.25,4.4025
2025-03-06,449.5,4.495
2025-03-07,455.25,4.5525
2025-03-10,458.75,4.5875
2025-03-11,456.5,4.565
2025-03-12,448.75,4.4875
2025-03-13,453.5,4.535
2025-03-14,445.5,4.455
2025-03-17,461,4.61
2025-03-18,458.75,4.5875
2025-03-19,462,4.62
2025-03-20,469,4.69
2025-03-21,464.25,4.6425
2025-03-24,464.5,4.645
2025-03-25,457.75,4.5775
2025-03-26,451.25,4.5125
2025-03-27,450,4.5
2025-03-28,453.25,4.5325
2025-03-31,457.25,4.5725
2025-04-01,461.75,4.6175
2025-04-02,457.75,4.5775
2025-04-03,457.5,4.575
2025-04-04,460.25,4.6025
2025-04-07,464.5,4.645
2025-04-08,469,4.69
2025-04-09,474,4.74
2025-04-10,483,4.83
2025-04-11,490.25,4.9025
2025-04-14,485,4.85
2025-04-15,481.25,4.8125
2025-04-16,484.25,4.8425
2025-04-17,482.25,4.8225
2025-04-21,481.75,4.8175
2025-04-22,475.75,4.7575
2025-04-23,472,4.72
2025-04-24,477.25,4.7725
2025-04-25,478.75,4.7875
2025-04-28,475.5,4.755
2025-04-29,460.5,4.605
2025-04-30,467.25,4.6725
2025-05-01,464.25,4.6425
2025-05-02,461.25,4.6125
2025-05-05,446.5,4.465
2025-05-06,447.5,4.475
2025-05-07,441,4.41
2025-05-08,439,4.39
2025-05-09,441.5,4.415
2025-05-12,440.25,4.4025
2025-05-13,436,4.36
2025-05-14,438.5,4.385
2025-05-15,448.5,4.485
2025-05-16,443.5,4.435
2025-05-19,447.5,4.475
2025-05-20,454.5,4.545
2025-05-21,461,4.61
2025-05-22,463,4.63
2025-05-23,459.5,4.595
2025-05-27,459.5,4.595
2025-05-28,451,4.51
2025-05-29,447,4.47
2025-05-30,444,4.44
2025-06-02,438.25,4.3825
2025-06-03,438.5,4.385
2025-06-04,438.75,4.3875
2025-06-05,439.5,4.395
2025-06-06,442.5,4.425
2025-06-09,433.5,4.335
2025-06-10,438.75,4.3875
2025-06-11,437,4.37
2025-06-12,438.5,4.385
2025-06-13,444.5,4.445
2025-06-16,434.75,4.3475
2025-06-17,431.5,4.315
2025-06-18,433.5,4.335
2025-06-20,428.75,4.2875
2025-06-23,419.25,4.1925
2025-06-24,416.25,4.1625
2025-06-25,410.25,4.1025
2025-06-26,409.5,4.095
2025-06-27,417.5,4.175
2025-06-30,420.5,4.205
2025-07-01,420,4.2
2025-07-02,429.25,4.2925
2025-07-03,431.5,4.315
2025-07-07,418,4.18
2025-07-08,411,4.11
2025-07-09,412.5,4.125
2025-07-10,407.25,4.0725
2025-07-11,403,4.03
2025-07-14,412.75,4.1275
2025-07-15,401.25,4.0125
2025-07-16,405.25,4.0525
2025-07-17,402,4.02
2025-07-18,408.5,4.085
2025-07-21,403.75,4.0375
2025-07-22,399.25,3.9925
2025-07-23,398.5,3.985
2025-07-24,401.75,4.0175
2025-07-25,399.5,3.995
2025-07-28,393.75,3.9375
2025-07-29,389.25,3.8925
2025-07-30,391.75,3.9175
2025-07-31,394,3.94
2025-08-01,389.5,3.895
2025-08-04,387,3.87
2025-08-05,381.5,3.815
2025-08-06,379.75,3.7975
2025-08-07,384.5,3.845
2025-08-08,382.75,3.8275
2025-08-11,385,3.85
2025-08-12,371.5,3.715
2025-08-13,374,3.74
2025-08-14,375,3.75
2025-08-15,383.75,3.8375
2025-08-18,383,3.83
2025-08-19,379.5,3.795
2025-08-20,380,3.8
2025-08-21,387.25,3.8725
2025-08-22,388.25,3.8825
2025-08-25,389.25,3.8925
2025-08-26,387.5,3.875
2025-08-27,382.5,3.825
2025-08-28,385.5,3.855
2025-08-29,398,3.98
2025-09-02,403,4.03
2025-09-03,397.75,3.9775
2025-09-04,399.75,3.9975
2025-09-05,399,3.99
2025-09-08,403,4.03
2025-09-09,401.25,4.0125
2025-09-10,397.25,3.9725
2025-09-11,399,3.99
2025-09-12,399,3.99
2025-09-15,423.25,4.2325
2025-09-16,429.5,4.295
2025-09-17,426.75,4.2675
2025-09-18,423.75,4.2375
2025-09-19,424,4.24
2025-09-22,421.75,4.2175
2025-09-23,426.25,4.2625
2025-09-24,424.25,4.2425
2025-09-25,425.75,4.2575
2025-09-26,422,4.22
2025-09-29,421.5,4.215
2025-09-30,415.5,4.155
2025-10-01,416.5,4.165
2025-10-02,421.75,4.2175
2025-10-03,419,4.19
2025-10-06,421.75,4.2175
2025-10-07,419.75,4.1975
2025-10-08,422,4.22
2025-10-09,418.25,4.1825
2025-10-10,413,4.13
2025-10-13,410.75,4.1075
2025-10-14,413,4.13
2025-10-15,416.75,4.1675
2025-10-16,421.75,4.2175
2025-10-17,422.5,4.225
2025-10-20,423.25,4.2325
2025-10-21,419.75,4.1975
2025-10-22,423,4.23
2025-10-23,428,4.28
2025-10-24,423.25,4.2325
2025-10-27,428.75,4.2875
2025-10-28,432,4.32
2025-10-29,434,4.34
2025-10-30,430.25,4.3025
2025-10-31,431.5,4.315
2025-11-03,434.25,4.3425
2025-11-04,431.5,4.315
2025-11-05,435.25,4.3525
2025-11-06,428.75,4.2875
2025-11-07,427.25,4.2725
2025-11-10,429.75,4.2975
2025-11-11,432,4.32
2025-11-12,435.25,4.3525
2025-11-13,441.5,4.415
2025-11-14,430.25,4.3025
2025-11-17,434.75,4.3475
2025-11-18,436.75,4.3675
2025-11-19,429.75,4.2975
2025-11-20,426.5,4.265
2025-11-21,425.5,4.255
2025-11-24,423.75,4.2375
2025-11-25,423.5,4.235
2025-11-26,431.75,4.3175
2025-11-28,435.5,4.355
2025-12-01,432.75,4.3275
2025-12-02,438,4.38
2025-12-03,431.5,4.315
2025-12-04,437.75,4.3775
2025-12-05,436.75,4.3675
2025-12-08,436.25,4.3625
2025-12-09,440.75,4.4075
2025-12-10,434.75,4.3475
2025-12-11,435.25,4.3525
2025-12-12,431.5,4.315
2025-12-15,439.75,4.3975
2025-12-16,436.5,4.365
2025-12-17,440.5,4.405
2025-12-18,444.5,4.445
2025-12-19,443.75,4.4375
2025-12-22,447,4.47
2025-12-23,447.5,4.475
2025-12-24,451,4.51
2025-12-26,450,4.5
2025-12-29,442.25,4.4225
2025-12-30,440.5,4.405
2025-12-31,440.25,4.4025
2026-01-02,437.5,4.375
2026-01-05,444.5,4.445
2026-01-06,444,4.44
2026-01-07,446.75,4.4675
2026-01-08,446,4.46
2026-01-09,445.75,4.4575
2026-01-12,421.5,4.215
2026-01-13,419.75,4.1975
2026-01-14,422,4.22
2026-01-15,420.25,4.2025
2026-01-16,424.75,4.2475
2026-01-20,423.75,4.2375
2026-01-21,421.75,4.2175
2026-01-22,424,4.24
2026-01-23,430.5,4.305
2026-01-26,428.25,4.2825
2026-01-27,426.5,4.265
2026-01-28,430,4.3
2026-01-29,430.75,4.3075
2026-01-30,428.25,4.2825
2026-02-02,425.75,4.2575
2026-02-03,428.5,4.285
2026-02-04,429.5,4.295
2026-02-05,435,4.35
2026-02-06,430.25,4.3025
2026-02-09,428.75,4.2875
2026-02-10,428.75,4.2875
2026-02-11,427.5,4.275
2026-02-12,431.25,4.3125
2026-02-13,431.75,4.3175
2026-02-17,426.25,4.2625
2026-02-18,427,4.27
2026-02-19,425.75,4.2575
2026-02-20,427.5,4.275
2026-02-23,427.5,4.275
2026-02-24,427.75,4.2775
2026-02-25,430.5,4.305
2026-02-26,433.25,4.3325
2026-02-27,438.75,4.3875
2026-03-02,433.25,4.3325
2026-03-03,434.25,4.3425
2026-03-04,431.75,4.3175
2026-03-05,441.5,4.415
2026-03-06,447,4.47
2026-03-09,437.5,4.375
2026-03-10,436.25,4.3625
2026-03-11,444.25,4.4425
2026-03-12,448.25,4.4825
2026-03-13,452.5,4.525
2026-03-16,454,4.54
2026-03-17,454,4.54
2026-03-18,463.25,4.6325
2026-03-19,469.75,4.6975
2026-03-20,465.5,4.655
2026-03-23,459.5,4.595
2026-03-24,462.5,4.625
2026-03-25,467.25,4.6725
2026-03-26,467,4.67
2026-03-27,462,4.62
2026-03-30,455.75,4.5575
2026-03-31,457.75,4.5775
2026-04-01,454.25,4.5425
2026-04-02,452.25,4.5225
2026-04-06,454,4.54
2026-04-07,449,4.49
2026-04-08,447.25,4.4725
2026-04-09,444,4.44
2026-04-10,441,4.41
2026-04-13,440.25,4.4025
2026-04-14,443,4.43
2026-04-15,451.25,4.5125
2026-04-16,448.5,4.485
2026-04-17,448.75,4.4875
2026-04-20,452,4.52
2026-04-21,453.75,4.5375
2026-04-22,454.25,4.5425
2026-04-23,455.5,4.555
2026-04-24,455,4.55
2026-04-27,460.75,4.6075
2026-04-28,465.25,4.6525
2026-04-29,466.5,4.665
2026-04-30,464.75,4.6475
2026-05-01,468.25,4.6825
2026-05-04,473.75,4.7375
2026-05-05,465.5,4.655
2026-05-06,452.75,4.5275
2026-05-07,452.75,4.5275
2026-05-08,456.25,4.5625
2026-05-11,460.75,4.6075
2026-05-12,467.25,4.6725
2026-05-13,466.5,4.665
2026-05-14,451.5,4.515
2026-05-15,455.75,4.5575
2026-05-18,477,4.77
2026-05-19,475.25,4.7525
2026-05-20,465.75,4.6575
2026-05-21,462.25,4.6225
2026-05-22,463.25,4.6325
2026-05-26,457.5,4.575
2026-05-27,452.5,4.525
2026-05-28,455.75,4.5575
2026-05-29,446.75,4.4675
2026-06-01,444,4.44
2026-06-02,440.5,4.405
2026-06-03,431.5,4.315
2026-06-04,424.5,4.245
2026-06-05,417.5,4.175
2026-06-08,418.75,4.1875
2026-06-09,419.5,4.195
2026-06-10,419,4.19
2026-06-11,411.75,4.1175
2026-06-12,412.75,4.1275
2026-06-15,415.5,4.155
2026-06-16,413.75,4.1375
2026-06-17,421,4.21
2026-06-18,417.5,4.175
2026-06-22,411.5,4.115
2026-06-23,409.75,4.0975
2026-06-24,407,4.07
2026-06-25,414.75,4.1475
2026-06-26,412.75,4.1275
2026-06-29,402,4.02
2026-06-30,412.75,4.1275
2026-07-01,421,4.21
2026-07-02,425,4.25
2026-07-06,440.75,4.4075
2026-07-07,442.5,4.425
2026-07-08,434.75,4.3475
2026-07-09,427.75,4.2775
2026-07-10,438,4.38
2026-07-13,437.75,4.3775
2026-07-14,433.75,4.3375
2026-07-15,447.5,4.475
2026-07-16,441.5,4.415
2026-07-17,444.75,4.4475
2026-07-20,449.5,4.495
2026-07-21,452.75,4.5275
2026-07-22,462,4.62
2026-07-23,464,4.64
2026-07-24,464.25,4.6425
2026-07-27,451.75,4.5175
2026-07-28,458.5,4.585
2026-07-29,471,4.71
